BROTHERSBE HONESTY META-TEST: no check may report PASS over evidence it never examined
tools under test: /Users/khalil.maaouni/Documents/BrotherSBE/tools

sbe_design.py.CHECKS  (5 checks discovered)
  artifacts                  a   a-empty-directory                                    NO-DATA   ok
  artifacts                  a2  a2-dossier-with-a-zero-byte-intake                   FAIL      ok
  artifacts                  b   b-declares-nothing                                   NO-DATA   ok
  artifacts                  c   c-json-is-a-list                                     FAIL      ok
  artifacts                  c   c-json-is-a-string                                   FAIL      ok
  artifacts                  c   c-json-is-a-number                                   FAIL      ok
  artifacts                  d   d-malformed-json                                     FAIL      ok
  artifacts                  full full                                                 PASS      ok
  artifacts                  n   00-intake.json::*|sql-comment-with-words             NO-DATA   ok
  artifacts                  n   00-intake.json::*|not-a-measurement                  NO-DATA   ok
  artifacts                  n   00-intake.json::*|number-in-a-text-field             NO-DATA   ok
  artifacts                  e   00-intake.json::*|empty-string                       NO-DATA   ok
  artifacts                  e   00-intake.json::answers/*|empty-string               NO-DATA   ok
  artifacts                  e   00-intake.json::tier|empty-string                    NO-DATA   ok
  artifacts                  e   00-intake.json::answers.changes_contract|empty-strin NO-DATA   ok
  artifacts                  e   00-intake.json::answers.crosses_boundary|empty-strin NO-DATA   ok
  artifacts                  e   00-intake.json::answers.reversible_under_hour|empty- NO-DATA   ok
  artifacts                  e   00-intake.json::answers.touches_sensitive|empty-stri NO-DATA   ok
  artifacts                  e   00-intake.json::answers.consumers|empty-string       NO-DATA   ok
  artifacts                  f   00-intake.json::*|whitespace                         NO-DATA   ok
  artifacts                  f   00-intake.json::answers/*|whitespace                 NO-DATA   ok
  artifacts                  f   00-intake.json::tier|whitespace                      NO-DATA   ok
  artifacts                  f   00-intake.json::answers.changes_contract|whitespace  NO-DATA   ok
  artifacts                  f   00-intake.json::answers.crosses_boundary|whitespace  NO-DATA   ok
  artifacts                  f   00-intake.json::answers.reversible_under_hour|whites NO-DATA   ok
  artifacts                  f   00-intake.json::answers.touches_sensitive|whitespace NO-DATA   ok
  artifacts                  f   00-intake.json::answers.consumers|whitespace         NO-DATA   ok
  artifacts                  g   00-intake.json::*|null                               NO-DATA   ok
  artifacts                  g   00-intake.json::answers/*|null                       NO-DATA   ok
  artifacts                  g   00-intake.json::tier|null                            NO-DATA   ok
  artifacts                  g   00-intake.json::answers.changes_contract|null        NO-DATA   ok
  artifacts                  g   00-intake.json::answers.crosses_boundary|null        NO-DATA   ok
  artifacts                  g   00-intake.json::answers.reversible_under_hour|null   NO-DATA   ok
  artifacts                  g   00-intake.json::answers.touches_sensitive|null       NO-DATA   ok
  artifacts                  g   00-intake.json::answers.consumers|null               NO-DATA   ok
  artifacts                  v   00-intake.json::*|todo                               NO-DATA   ok
  artifacts                  v   00-intake.json::answers/*|todo                       NO-DATA   ok
  artifacts                  v   00-intake.json::tier|todo                            NO-DATA   ok
  artifacts                  v   00-intake.json::answers.changes_contract|todo        NO-DATA   ok
  artifacts                  v   00-intake.json::answers.crosses_boundary|todo        NO-DATA   ok
  artifacts                  v   00-intake.json::answers.reversible_under_hour|todo   NO-DATA   ok
  artifacts                  v   00-intake.json::answers.touches_sensitive|todo       NO-DATA   ok
  artifacts                  v   00-intake.json::answers.consumers|todo               NO-DATA   ok
  artifacts                  v   00-intake.json::*|n-a                                NO-DATA   ok
  artifacts                  v   00-intake.json::answers/*|n-a                        NO-DATA   ok
  artifacts                  v   00-intake.json::tier|n-a                             NO-DATA   ok
  artifacts                  v   00-intake.json::answers.changes_contract|n-a         NO-DATA   ok
  artifacts                  v   00-intake.json::answers.crosses_boundary|n-a         NO-DATA   ok
  artifacts                  v   00-intake.json::answers.reversible_under_hour|n-a    NO-DATA   ok
  artifacts                  v   00-intake.json::answers.touches_sensitive|n-a        NO-DATA   ok
  artifacts                  v   00-intake.json::answers.consumers|n-a                NO-DATA   ok
  artifacts                  v   00-intake.json::*|dash                               NO-DATA   ok
  artifacts                  v   00-intake.json::answers/*|dash                       NO-DATA   ok
  artifacts                  v   00-intake.json::tier|dash                            NO-DATA   ok
  artifacts                  v   00-intake.json::answers.changes_contract|dash        NO-DATA   ok
  artifacts                  v   00-intake.json::answers.crosses_boundary|dash        NO-DATA   ok
  artifacts                  v   00-intake.json::answers.reversible_under_hour|dash   NO-DATA   ok
  artifacts                  v   00-intake.json::answers.touches_sensitive|dash       NO-DATA   ok
  artifacts                  v   00-intake.json::answers.consumers|dash               NO-DATA   ok
  artifacts                  v   00-intake.json::*|copula-remnant                     NO-DATA   ok
  artifacts                  v   00-intake.json::answers/*|copula-remnant             NO-DATA   ok
  artifacts                  v   00-intake.json::tier|copula-remnant                  NO-DATA   ok
  artifacts                  v   00-intake.json::answers.changes_contract|copula-remn NO-DATA   ok
  artifacts                  v   00-intake.json::answers.crosses_boundary|copula-remn NO-DATA   ok
  artifacts                  v   00-intake.json::answers.reversible_under_hour|copula NO-DATA   ok
  artifacts                  v   00-intake.json::answers.touches_sensitive|copula-rem NO-DATA   ok
  artifacts                  v   00-intake.json::answers.consumers|copula-remnant     NO-DATA   ok
  artifacts                  v   00-intake.json::*|todo-zero-width                    NO-DATA   ok
  artifacts                  v   00-intake.json::answers/*|todo-zero-width            NO-DATA   ok
  artifacts                  v   00-intake.json::tier|todo-zero-width                 NO-DATA   ok
  artifacts                  v   00-intake.json::answers.changes_contract|todo-zero-w NO-DATA   ok
  artifacts                  v   00-intake.json::answers.crosses_boundary|todo-zero-w NO-DATA   ok
  artifacts                  v   00-intake.json::answers.reversible_under_hour|todo-z NO-DATA   ok
  artifacts                  v   00-intake.json::answers.touches_sensitive|todo-zero- NO-DATA   ok
  artifacts                  v   00-intake.json::answers.consumers|todo-zero-width    NO-DATA   ok
  artifacts                  v   00-intake.json::*|todo-soft-hyphen                   NO-DATA   ok
  artifacts                  v   00-intake.json::answers/*|todo-soft-hyphen           NO-DATA   ok
  artifacts                  v   00-intake.json::tier|todo-soft-hyphen                NO-DATA   ok
  artifacts                  v   00-intake.json::answers.changes_contract|todo-soft-h NO-DATA   ok
  artifacts                  v   00-intake.json::answers.crosses_boundary|todo-soft-h NO-DATA   ok
  artifacts                  v   00-intake.json::answers.reversible_under_hour|todo-s NO-DATA   ok
  artifacts                  v   00-intake.json::answers.touches_sensitive|todo-soft- NO-DATA   ok
  artifacts                  v   00-intake.json::answers.consumers|todo-soft-hyphen   NO-DATA   ok
  artifacts                  v   00-intake.json::*|todo-fullwidth                     NO-DATA   ok
  artifacts                  v   00-intake.json::answers/*|todo-fullwidth             NO-DATA   ok
  artifacts                  v   00-intake.json::tier|todo-fullwidth                  NO-DATA   ok
  artifacts                  v   00-intake.json::answers.changes_contract|todo-fullwi NO-DATA   ok
  artifacts                  v   00-intake.json::answers.crosses_boundary|todo-fullwi NO-DATA   ok
  artifacts                  v   00-intake.json::answers.reversible_under_hour|todo-f NO-DATA   ok
  artifacts                  v   00-intake.json::answers.touches_sensitive|todo-fullw NO-DATA   ok
  artifacts                  v   00-intake.json::answers.consumers|todo-fullwidth     NO-DATA   ok
  artifacts                  v   00-intake.json::*|todo-small-caps                    NO-DATA   ok
  artifacts                  v   00-intake.json::answers/*|todo-small-caps            NO-DATA   ok
  artifacts                  v   00-intake.json::tier|todo-small-caps                 NO-DATA   ok
  artifacts                  v   00-intake.json::answers.changes_contract|todo-small- NO-DATA   ok
  artifacts                  v   00-intake.json::answers.crosses_boundary|todo-small- NO-DATA   ok
  artifacts                  v   00-intake.json::answers.reversible_under_hour|todo-s NO-DATA   ok
  artifacts                  v   00-intake.json::answers.touches_sensitive|todo-small NO-DATA   ok
  artifacts                  v   00-intake.json::answers.consumers|todo-small-caps    NO-DATA   ok
  artifacts                  v   00-intake.json::*|tbd-small-caps                     NO-DATA   ok
  artifacts                  v   00-intake.json::answers/*|tbd-small-caps             NO-DATA   ok
  artifacts                  v   00-intake.json::tier|tbd-small-caps                  NO-DATA   ok
  artifacts                  v   00-intake.json::answers.changes_contract|tbd-small-c NO-DATA   ok
  artifacts                  v   00-intake.json::answers.crosses_boundary|tbd-small-c NO-DATA   ok
  artifacts                  v   00-intake.json::answers.reversible_under_hour|tbd-sm NO-DATA   ok
  artifacts                  v   00-intake.json::answers.touches_sensitive|tbd-small- NO-DATA   ok
  artifacts                  v   00-intake.json::answers.consumers|tbd-small-caps     NO-DATA   ok
  artifacts                  v   00-intake.json::*|bracketed-tbd                      NO-DATA   ok
  artifacts                  v   00-intake.json::answers/*|bracketed-tbd              NO-DATA   ok
  artifacts                  v   00-intake.json::tier|bracketed-tbd                   NO-DATA   ok
  artifacts                  v   00-intake.json::answers.changes_contract|bracketed-t NO-DATA   ok
  artifacts                  v   00-intake.json::answers.crosses_boundary|bracketed-t NO-DATA   ok
  artifacts                  v   00-intake.json::answers.reversible_under_hour|bracke NO-DATA   ok
  artifacts                  v   00-intake.json::answers.touches_sensitive|bracketed- NO-DATA   ok
  artifacts                  v   00-intake.json::answers.consumers|bracketed-tbd      NO-DATA   ok
  artifacts                  n   00-intake.json::*|hash-comment                       NO-DATA   ok
  artifacts                  n   00-intake.json::answers/*|hash-comment               NO-DATA   ok
  artifacts                  n   00-intake.json::tier|hash-comment                    NO-DATA   ok
  artifacts                  n   00-intake.json::answers.changes_contract|hash-commen NO-DATA   ok
  artifacts                  n   00-intake.json::answers.crosses_boundary|hash-commen NO-DATA   ok
  artifacts                  n   00-intake.json::answers.reversible_under_hour|hash-c NO-DATA   ok
  artifacts                  n   00-intake.json::answers.touches_sensitive|hash-comme NO-DATA   ok
  artifacts                  n   00-intake.json::answers.consumers|hash-comment       NO-DATA   ok
  artifacts                  n   00-intake.json::*|block-comment                      NO-DATA   ok
  artifacts                  n   00-intake.json::answers/*|block-comment              NO-DATA   ok
  artifacts                  n   00-intake.json::tier|block-comment                   NO-DATA   ok
  artifacts                  n   00-intake.json::answers.changes_contract|block-comme NO-DATA   ok
  artifacts                  n   00-intake.json::answers.crosses_boundary|block-comme NO-DATA   ok
  artifacts                  n   00-intake.json::answers.reversible_under_hour|block- NO-DATA   ok
  artifacts                  n   00-intake.json::answers.touches_sensitive|block-comm NO-DATA   ok
  artifacts                  n   00-intake.json::answers.consumers|block-comment      NO-DATA   ok
  artifacts                  n   00-intake.json::*|punctuation                        NO-DATA   ok
  artifacts                  n   00-intake.json::answers/*|punctuation                NO-DATA   ok
  artifacts                  n   00-intake.json::tier|punctuation                     NO-DATA   ok
  artifacts                  n   00-intake.json::answers.changes_contract|punctuation NO-DATA   ok
  artifacts                  n   00-intake.json::answers.crosses_boundary|punctuation NO-DATA   ok
  artifacts                  n   00-intake.json::answers.reversible_under_hour|punctu NO-DATA   ok
  artifacts                  n   00-intake.json::answers.touches_sensitive|punctuatio NO-DATA   ok
  artifacts                  n   00-intake.json::answers.consumers|punctuation        NO-DATA   ok
  artifacts                  m   00-intake.json::*|nan                                NO-DATA   ok
  artifacts                  m   00-intake.json::answers/*|nan                        NO-DATA   ok
  artifacts                  m   00-intake.json::tier|nan                             NO-DATA   ok
  artifacts                  m   00-intake.json::answers.changes_contract|nan         NO-DATA   ok
  artifacts                  m   00-intake.json::answers.crosses_boundary|nan         NO-DATA   ok
  artifacts                  m   00-intake.json::answers.reversible_under_hour|nan    NO-DATA   ok
  artifacts                  m   00-intake.json::answers.touches_sensitive|nan        NO-DATA   ok
  artifacts                  m   00-intake.json::answers.consumers|nan                NO-DATA   ok
  artifacts                  m   00-intake.json::*|infinity                           NO-DATA   ok
  artifacts                  m   00-intake.json::answers/*|infinity                   NO-DATA   ok
  artifacts                  m   00-intake.json::tier|infinity                        NO-DATA   ok
  artifacts                  m   00-intake.json::answers.changes_contract|infinity    NO-DATA   ok
  artifacts                  m   00-intake.json::answers.crosses_boundary|infinity    NO-DATA   ok
  artifacts                  m   00-intake.json::answers.reversible_under_hour|infini NO-DATA   ok
  artifacts                  m   00-intake.json::answers.touches_sensitive|infinity   NO-DATA   ok
  artifacts                  m   00-intake.json::answers.consumers|infinity           NO-DATA   ok
  artifacts                  t   00-intake.json::answers.changes_contract|says-yes    FAIL      ok
  artifacts                  t   00-intake.json::answers.changes_contract|says-true   FAIL      ok
  artifacts                  t   00-intake.json::answers.crosses_boundary|says-no     FAIL      ok
  artifacts                  t   00-intake.json::answers.crosses_boundary|says-false  FAIL      ok
  artifacts                  t   00-intake.json::answers.reversible_under_hour|says-n FAIL      ok
  artifacts                  t   00-intake.json::answers.reversible_under_hour|says-f FAIL      ok
  artifacts                  t   00-intake.json::answers.touches_sensitive|says-yes   FAIL      ok
  artifacts                  t   00-intake.json::answers.touches_sensitive|says-true  FAIL      ok
  artifacts                  i   00-intake.json::zero-bytes                           FAIL      ok
  artifacts                  f   01-purpose.md::whitespace                            FAIL      ok
  artifacts                  v   01-purpose.md::vacuous-todo                          FAIL      ok
  artifacts                  v   01-purpose.md::every-section-todo                    FAIL      ok
  artifacts                  v   01-purpose.md::vacuous-n-a                           FAIL      ok
  artifacts                  v   01-purpose.md::every-section-n-a                     FAIL      ok
  artifacts                  v   01-purpose.md::vacuous-dash                          FAIL      ok
  artifacts                  v   01-purpose.md::every-section-dash                    FAIL      ok
  artifacts                  v   01-purpose.md::vacuous-copula-remnant                FAIL      ok
  artifacts                  v   01-purpose.md::every-section-copula-remnant          FAIL      ok
  artifacts                  v   01-purpose.md::vacuous-todo-zero-width               FAIL      ok
  artifacts                  v   01-purpose.md::every-section-todo-zero-width         FAIL      ok
  artifacts                  v   01-purpose.md::vacuous-todo-soft-hyphen              FAIL      ok
  artifacts                  v   01-purpose.md::every-section-todo-soft-hyphen        FAIL      ok
  artifacts                  v   01-purpose.md::vacuous-todo-fullwidth                FAIL      ok
  artifacts                  v   01-purpose.md::every-section-todo-fullwidth          FAIL      ok
  artifacts                  v   01-purpose.md::vacuous-todo-small-caps               FAIL      ok
  artifacts                  v   01-purpose.md::every-section-todo-small-caps         FAIL      ok
  artifacts                  v   01-purpose.md::vacuous-tbd-small-caps                FAIL      ok
  artifacts                  v   01-purpose.md::every-section-tbd-small-caps          FAIL      ok
  artifacts                  v   01-purpose.md::vacuous-bracketed-tbd                 FAIL      ok
  artifacts                  v   01-purpose.md::every-section-bracketed-tbd           FAIL      ok
  artifacts                  s   01-purpose.md##Purpose                               FAIL      ok
  artifacts                  k   01-purpose.md::commented-out                         FAIL      ok
  artifacts                  k   01-purpose.md##Purpose|commented                     FAIL      ok
  artifacts                  i   01-purpose.md::zero-bytes                            FAIL      ok
  artifacts                  i   declared-reads::zero-bytes                           FAIL      ok
  artifacts                  x   access::00-intake.json|chmod-000                     FAIL      ok
  artifacts                  x   access::00-intake.json|broken-symlink                FAIL      ok
  artifacts                  x   access::00-intake.json|symlink-loop                  FAIL      ok
  artifacts                  x   access::00-intake.json|fifo                          FAIL      ok
  artifacts                  x   access::loop-beside-evidence                         PASS      ok
  artifacts                  x   access::00-intake.json|parent-chmod-000              NO-DATA   ok
  artifacts                  -> 194/196 scenarios reached the check body
  adr                        a   a-empty-directory                                    NO-DATA   ok
  adr                        a2  a2-dossier-with-a-zero-byte-intake                   NO-DATA   ok
  adr                        b   b-declares-nothing                                   FAIL      ok
  adr                        full full                                                 PASS      ok
  adr                        f   03-adr.md::whitespace                                FAIL      ok
  adr                        v   03-adr.md::vacuous-todo                              FAIL      ok
  adr                        v   03-adr.md::every-section-todo                        FAIL      ok
  adr                        v   03-adr.md::vacuous-n-a                               FAIL      ok
  adr                        v   03-adr.md::every-section-n-a                         FAIL      ok
  adr                        v   03-adr.md::vacuous-dash                              FAIL      ok
  adr                        v   03-adr.md::every-section-dash                        FAIL      ok
  adr                        v   03-adr.md::vacuous-copula-remnant                    FAIL      ok
  adr                        v   03-adr.md::every-section-copula-remnant              FAIL      ok
  adr                        v   03-adr.md::vacuous-todo-zero-width                   FAIL      ok
  adr                        v   03-adr.md::every-section-todo-zero-width             FAIL      ok
  adr                        v   03-adr.md::vacuous-todo-soft-hyphen                  FAIL      ok
  adr                        v   03-adr.md::every-section-todo-soft-hyphen            FAIL      ok
  adr                        v   03-adr.md::vacuous-todo-fullwidth                    FAIL      ok
  adr                        v   03-adr.md::every-section-todo-fullwidth              FAIL      ok
  adr                        v   03-adr.md::vacuous-todo-small-caps                   FAIL      ok
  adr                        v   03-adr.md::every-section-todo-small-caps             FAIL      ok
  adr                        v   03-adr.md::vacuous-tbd-small-caps                    FAIL      ok
  adr                        v   03-adr.md::every-section-tbd-small-caps              FAIL      ok
  adr                        v   03-adr.md::vacuous-bracketed-tbd                     FAIL      ok
  adr                        v   03-adr.md::every-section-bracketed-tbd               FAIL      ok
  adr                        s   03-adr.md##Criteria                                  FAIL      ok
  adr                        s   03-adr.md##Rejected alternatives                     FAIL      ok
  adr                        s   03-adr.md##Decision                                  FAIL      ok
  adr                        s   03-adr.md##Consequences                              FAIL      ok
  adr                        s   03-adr.md##What would flip this                      FAIL      ok
  adr                        k   03-adr.md::commented-out                             FAIL      ok
  adr                        k   03-adr.md##Criteria|commented                        FAIL      ok
  adr                        k   03-adr.md##Rejected alternatives|commented           FAIL      ok
  adr                        k   03-adr.md##Decision|commented                        FAIL      ok
  adr                        k   03-adr.md##Consequences|commented                    FAIL      ok
  adr                        k   03-adr.md##What would flip this|commented            FAIL      ok
  adr                        i   03-adr.md::zero-bytes                                FAIL      ok
  adr                        i   declared-reads::zero-bytes                           FAIL      ok
  adr                        x   access::03-adr.md|chmod-000                          FAIL      ok
  adr                        x   access::03-adr.md|broken-symlink                     FAIL      ok
  adr                        x   access::03-adr.md|symlink-loop                       FAIL      ok
  adr                        x   access::03-adr.md|fifo                               FAIL      ok
  adr                        x   access::loop-beside-evidence                         PASS      ok
  adr                        x   access::03-adr.md|parent-chmod-000                   NO-DATA   ok
  adr                        -> 42/44 scenarios reached the check body
  datamodel                  a   a-empty-directory                                    NO-DATA   ok
  datamodel                  a2  a2-dossier-with-a-zero-byte-intake                   NO-DATA   ok
  datamodel                  b   b-declares-nothing                                   FAIL      ok
  datamodel                  full full                                                 PASS      ok
  datamodel                  f   05-data-model.md::whitespace                         FAIL      ok
  datamodel                  v   05-data-model.md::vacuous-todo                       FAIL      ok
  datamodel                  v   05-data-model.md::every-section-todo                 FAIL      ok
  datamodel                  v   05-data-model.md::vacuous-n-a                        FAIL      ok
  datamodel                  v   05-data-model.md::every-section-n-a                  FAIL      ok
  datamodel                  v   05-data-model.md::vacuous-dash                       FAIL      ok
  datamodel                  v   05-data-model.md::every-section-dash                 FAIL      ok
  datamodel                  v   05-data-model.md::vacuous-copula-remnant             FAIL      ok
  datamodel                  v   05-data-model.md::every-section-copula-remnant       FAIL      ok
  datamodel                  v   05-data-model.md::vacuous-todo-zero-width            FAIL      ok
  datamodel                  v   05-data-model.md::every-section-todo-zero-width      FAIL      ok
  datamodel                  v   05-data-model.md::vacuous-todo-soft-hyphen           FAIL      ok
  datamodel                  v   05-data-model.md::every-section-todo-soft-hyphen     FAIL      ok
  datamodel                  v   05-data-model.md::vacuous-todo-fullwidth             FAIL      ok
  datamodel                  v   05-data-model.md::every-section-todo-fullwidth       FAIL      ok
  datamodel                  v   05-data-model.md::vacuous-todo-small-caps            FAIL      ok
  datamodel                  v   05-data-model.md::every-section-todo-small-caps      FAIL      ok
  datamodel                  v   05-data-model.md::vacuous-tbd-small-caps             FAIL      ok
  datamodel                  v   05-data-model.md::every-section-tbd-small-caps       FAIL      ok
  datamodel                  v   05-data-model.md::vacuous-bracketed-tbd              FAIL      ok
  datamodel                  v   05-data-model.md::every-section-bracketed-tbd        FAIL      ok
  datamodel                  s   05-data-model.md##Entities                           FAIL      ok
  datamodel                  s   05-data-model.md##Relationships                      NO-DATA   ok
  datamodel                  k   05-data-model.md::commented-out                      FAIL      ok
  datamodel                  k   05-data-model.md##Entities|commented                 FAIL      ok
  datamodel                  k   05-data-model.md##Relationships|commented            NO-DATA   ok
  datamodel                  i   05-data-model.md::zero-bytes                         FAIL      ok
  datamodel                  i   declared-reads::zero-bytes                           FAIL      ok
  datamodel                  x   access::05-data-model.md|chmod-000                   FAIL      ok
  datamodel                  x   access::05-data-model.md|broken-symlink              FAIL      ok
  datamodel                  x   access::05-data-model.md|symlink-loop                FAIL      ok
  datamodel                  x   access::05-data-model.md|fifo                        FAIL      ok
  datamodel                  x   access::loop-beside-evidence                         PASS      ok
  datamodel                  x   access::05-data-model.md|parent-chmod-000            NO-DATA   ok
  datamodel                  -> 36/38 scenarios reached the check body
  diagrams                   a   a-empty-directory                                    NO-DATA   ok
  diagrams                   a2  a2-dossier-with-a-zero-byte-intake                   NO-DATA   ok
  diagrams                   b   b-declares-nothing                                   FAIL      ok
  diagrams                   full full                                                 PASS      ok
  diagrams                   f   06-diagrams.md::whitespace                           FAIL      ok
  diagrams                   v   06-diagrams.md::vacuous-todo                         FAIL      ok
  diagrams                   v   06-diagrams.md::every-section-todo                   FAIL      ok
  diagrams                   v   06-diagrams.md::vacuous-n-a                          FAIL      ok
  diagrams                   v   06-diagrams.md::every-section-n-a                    FAIL      ok
  diagrams                   v   06-diagrams.md::vacuous-dash                         FAIL      ok
  diagrams                   v   06-diagrams.md::every-section-dash                   FAIL      ok
  diagrams                   v   06-diagrams.md::vacuous-copula-remnant               FAIL      ok
  diagrams                   v   06-diagrams.md::every-section-copula-remnant         FAIL      ok
  diagrams                   v   06-diagrams.md::vacuous-todo-zero-width              FAIL      ok
  diagrams                   v   06-diagrams.md::every-section-todo-zero-width        FAIL      ok
  diagrams                   v   06-diagrams.md::vacuous-todo-soft-hyphen             FAIL      ok
  diagrams                   v   06-diagrams.md::every-section-todo-soft-hyphen       FAIL      ok
  diagrams                   v   06-diagrams.md::vacuous-todo-fullwidth               FAIL      ok
  diagrams                   v   06-diagrams.md::every-section-todo-fullwidth         FAIL      ok
  diagrams                   v   06-diagrams.md::vacuous-todo-small-caps              FAIL      ok
  diagrams                   v   06-diagrams.md::every-section-todo-small-caps        FAIL      ok
  diagrams                   v   06-diagrams.md::vacuous-tbd-small-caps               FAIL      ok
  diagrams                   v   06-diagrams.md::every-section-tbd-small-caps         FAIL      ok
  diagrams                   v   06-diagrams.md::vacuous-bracketed-tbd                FAIL      ok
  diagrams                   v   06-diagrams.md::every-section-bracketed-tbd          FAIL      ok
  diagrams                   s   06-diagrams.md##Context                              FAIL      ok
  diagrams                   k   06-diagrams.md::commented-out                        FAIL      ok
  diagrams                   k   06-diagrams.md##Context|commented                    FAIL      ok
  diagrams                   i   06-diagrams.md::zero-bytes                           FAIL      ok
  diagrams                   f   05-data-model.md::whitespace                         NO-DATA   ok
  diagrams                   v   05-data-model.md::vacuous-todo                       NO-DATA   ok
  diagrams                   v   05-data-model.md::every-section-todo                 NO-DATA   ok
  diagrams                   v   05-data-model.md::vacuous-n-a                        NO-DATA   ok
  diagrams                   v   05-data-model.md::every-section-n-a                  NO-DATA   ok
  diagrams                   v   05-data-model.md::vacuous-dash                       NO-DATA   ok
  diagrams                   v   05-data-model.md::every-section-dash                 NO-DATA   ok
  diagrams                   v   05-data-model.md::vacuous-copula-remnant             NO-DATA   ok
  diagrams                   v   05-data-model.md::every-section-copula-remnant       NO-DATA   ok
  diagrams                   v   05-data-model.md::vacuous-todo-zero-width            NO-DATA   ok
  diagrams                   v   05-data-model.md::every-section-todo-zero-width      NO-DATA   ok
  diagrams                   v   05-data-model.md::vacuous-todo-soft-hyphen           NO-DATA   ok
  diagrams                   v   05-data-model.md::every-section-todo-soft-hyphen     NO-DATA   ok
  diagrams                   v   05-data-model.md::vacuous-todo-fullwidth             NO-DATA   ok
  diagrams                   v   05-data-model.md::every-section-todo-fullwidth       NO-DATA   ok
  diagrams                   v   05-data-model.md::vacuous-todo-small-caps            NO-DATA   ok
  diagrams                   v   05-data-model.md::every-section-todo-small-caps      NO-DATA   ok
  diagrams                   v   05-data-model.md::vacuous-tbd-small-caps             NO-DATA   ok
  diagrams                   v   05-data-model.md::every-section-tbd-small-caps       NO-DATA   ok
  diagrams                   v   05-data-model.md::vacuous-bracketed-tbd              NO-DATA   ok
  diagrams                   v   05-data-model.md::every-section-bracketed-tbd        NO-DATA   ok
  diagrams                   s   05-data-model.md##Entities                           NO-DATA   ok
  diagrams                   s   05-data-model.md##Relationships                      PASS      ok (declared exemption)
  diagrams                   k   05-data-model.md::commented-out                      NO-DATA   ok
  diagrams                   k   05-data-model.md##Entities|commented                 NO-DATA   ok
  diagrams                   k   05-data-model.md##Relationships|commented            PASS      ok (declared exemption)
  diagrams                   i   05-data-model.md::zero-bytes                         NO-DATA   ok
  diagrams                   i   declared-reads::zero-bytes                           FAIL      ok
  diagrams                   x   access::06-diagrams.md|chmod-000                     FAIL      ok
  diagrams                   x   access::06-diagrams.md|broken-symlink                FAIL      ok
  diagrams                   x   access::06-diagrams.md|symlink-loop                  FAIL      ok
  diagrams                   x   access::06-diagrams.md|fifo                          FAIL      ok
  diagrams                   x   access::loop-beside-evidence                         PASS      ok
  diagrams                   x   access::06-diagrams.md|parent-chmod-000              NO-DATA   ok
  diagrams                   -> 61/63 scenarios reached the check body
  placeholder                a   a-empty-directory                                    NO-DATA   ok
  placeholder                a2  a2-dossier-with-a-zero-byte-intake                   NO-DATA   ok
  placeholder                b   b-declares-nothing                                   FAIL      ok
  placeholder                full full                                                 PASS      ok
  placeholder                f   01-purpose.md::whitespace                            FAIL      ok
  placeholder                v   01-purpose.md::vacuous-todo                          FAIL      ok
  placeholder                v   01-purpose.md::every-section-todo                    FAIL      ok
  placeholder                v   01-purpose.md::vacuous-n-a                           FAIL      ok
  placeholder                v   01-purpose.md::every-section-n-a                     FAIL      ok
  placeholder                v   01-purpose.md::vacuous-dash                          FAIL      ok
  placeholder                v   01-purpose.md::every-section-dash                    FAIL      ok
  placeholder                v   01-purpose.md::vacuous-copula-remnant                FAIL      ok
  placeholder                v   01-purpose.md::every-section-copula-remnant          FAIL      ok
  placeholder                v   01-purpose.md::vacuous-todo-zero-width               FAIL      ok
  placeholder                v   01-purpose.md::every-section-todo-zero-width         FAIL      ok
  placeholder                v   01-purpose.md::vacuous-todo-soft-hyphen              FAIL      ok
  placeholder                v   01-purpose.md::every-section-todo-soft-hyphen        FAIL      ok
  placeholder                v   01-purpose.md::vacuous-todo-fullwidth                FAIL      ok
  placeholder                v   01-purpose.md::every-section-todo-fullwidth          FAIL      ok
  placeholder                v   01-purpose.md::vacuous-todo-small-caps               FAIL      ok
  placeholder                v   01-purpose.md::every-section-todo-small-caps         FAIL      ok
  placeholder                v   01-purpose.md::vacuous-tbd-small-caps                FAIL      ok
  placeholder                v   01-purpose.md::every-section-tbd-small-caps          FAIL      ok
  placeholder                v   01-purpose.md::vacuous-bracketed-tbd                 FAIL      ok
  placeholder                v   01-purpose.md::every-section-bracketed-tbd           FAIL      ok
  placeholder                s   01-purpose.md##Purpose                               FAIL      ok
  placeholder                k   01-purpose.md::commented-out                         FAIL      ok
  placeholder                k   01-purpose.md##Purpose|commented                     FAIL      ok
  placeholder                i   01-purpose.md::zero-bytes                            FAIL      ok
  placeholder                i   declared-reads::zero-bytes                           FAIL      ok
  placeholder                x   access::01-purpose.md|chmod-000                      FAIL      ok
  placeholder                x   access::01-purpose.md|broken-symlink                 FAIL      ok
  placeholder                x   access::01-purpose.md|symlink-loop                   FAIL      ok
  placeholder                x   access::01-purpose.md|fifo                           FAIL      ok
  placeholder                x   access::loop-beside-evidence                         PASS      ok
  placeholder                x   access::01-purpose.md|parent-chmod-000               NO-DATA   ok
  placeholder                -> 34/36 scenarios reached the check body

sbe_gate.py.GATES  (4 checks discovered)
  numbers                    a   a-empty-directory                                    NO-DATA   ok
  numbers                    b   b-declares-nothing                                   NO-DATA   ok
  numbers                    c   c-json-is-a-list                                     FAIL      ok
  numbers                    c   c-json-is-a-string                                   FAIL      ok
  numbers                    c   c-json-is-a-number                                   FAIL      ok
  numbers                    d   d-malformed-json                                     FAIL      ok
  numbers                    full full                                                 PASS      ok
  numbers                    n   numbers-manifest.json::*|sql-comment-with-words      FAIL      ok
  numbers                    n   numbers-manifest.json::*|not-a-measurement           FAIL      ok
  numbers                    n   numbers-manifest.json::*|number-in-a-text-field      FAIL      ok
  numbers                    e   numbers-manifest.json::*|empty-string                FAIL      ok
  numbers                    e   numbers-manifest.json::figures[0].rerun/*|empty-stri FAIL      ok
  numbers                    e   numbers-manifest.json::figures[0]/*|empty-string     FAIL      ok
  numbers                    e   numbers-manifest.json::figures/*|empty-string        FAIL      ok
  numbers                    e   numbers-manifest.json::figures[0].label|empty-string FAIL      ok
  numbers                    e   numbers-manifest.json::figures[0].snapshot_id|empty- FAIL      ok
  numbers                    e   numbers-manifest.json::figures[0].query|empty-string FAIL      ok
  numbers                    e   numbers-manifest.json::figures[0].second_derivation| FAIL      ok
  numbers                    e   numbers-manifest.json::figures[0].rerun.ran|empty-st FAIL      ok
  numbers                    e   numbers-manifest.json::figures[0].rerun.primary|empt FAIL      ok
  numbers                    e   numbers-manifest.json::figures[0].rerun.secondary|em FAIL      ok
  numbers                    f   numbers-manifest.json::*|whitespace                  FAIL      ok
  numbers                    f   numbers-manifest.json::figures[0].rerun/*|whitespace FAIL      ok
  numbers                    f   numbers-manifest.json::figures[0]/*|whitespace       FAIL      ok
  numbers                    f   numbers-manifest.json::figures/*|whitespace          FAIL      ok
  numbers                    f   numbers-manifest.json::figures[0].label|whitespace   FAIL      ok
  numbers                    f   numbers-manifest.json::figures[0].snapshot_id|whites FAIL      ok
  numbers                    f   numbers-manifest.json::figures[0].query|whitespace   FAIL      ok
  numbers                    f   numbers-manifest.json::figures[0].second_derivation| FAIL      ok
  numbers                    f   numbers-manifest.json::figures[0].rerun.ran|whitespa FAIL      ok
  numbers                    f   numbers-manifest.json::figures[0].rerun.primary|whit FAIL      ok
  numbers                    f   numbers-manifest.json::figures[0].rerun.secondary|wh FAIL      ok
  numbers                    g   numbers-manifest.json::*|null                        FAIL      ok
  numbers                    g   numbers-manifest.json::figures[0].rerun/*|null       FAIL      ok
  numbers                    g   numbers-manifest.json::figures[0]/*|null             FAIL      ok
  numbers                    g   numbers-manifest.json::figures/*|null                FAIL      ok
  numbers                    g   numbers-manifest.json::figures[0].label|null         FAIL      ok
  numbers                    g   numbers-manifest.json::figures[0].snapshot_id|null   FAIL      ok
  numbers                    g   numbers-manifest.json::figures[0].query|null         FAIL      ok
  numbers                    g   numbers-manifest.json::figures[0].second_derivation| FAIL      ok
  numbers                    g   numbers-manifest.json::figures[0].rerun.ran|null     FAIL      ok
  numbers                    g   numbers-manifest.json::figures[0].rerun.primary|null FAIL      ok
  numbers                    g   numbers-manifest.json::figures[0].rerun.secondary|nu FAIL      ok
  numbers                    v   numbers-manifest.json::*|todo                        FAIL      ok
  numbers                    v   numbers-manifest.json::figures[0].rerun/*|todo       FAIL      ok
  numbers                    v   numbers-manifest.json::figures[0]/*|todo             FAIL      ok
  numbers                    v   numbers-manifest.json::figures/*|todo                FAIL      ok
  numbers                    v   numbers-manifest.json::figures[0].label|todo         FAIL      ok
  numbers                    v   numbers-manifest.json::figures[0].snapshot_id|todo   FAIL      ok
  numbers                    v   numbers-manifest.json::figures[0].query|todo         FAIL      ok
  numbers                    v   numbers-manifest.json::figures[0].second_derivation| FAIL      ok
  numbers                    v   numbers-manifest.json::figures[0].rerun.ran|todo     FAIL      ok
  numbers                    v   numbers-manifest.json::figures[0].rerun.primary|todo FAIL      ok
  numbers                    v   numbers-manifest.json::figures[0].rerun.secondary|to FAIL      ok
  numbers                    v   numbers-manifest.json::*|n-a                         FAIL      ok
  numbers                    v   numbers-manifest.json::figures[0].rerun/*|n-a        FAIL      ok
  numbers                    v   numbers-manifest.json::figures[0]/*|n-a              FAIL      ok
  numbers                    v   numbers-manifest.json::figures/*|n-a                 FAIL      ok
  numbers                    v   numbers-manifest.json::figures[0].label|n-a          FAIL      ok
  numbers                    v   numbers-manifest.json::figures[0].snapshot_id|n-a    FAIL      ok
  numbers                    v   numbers-manifest.json::figures[0].query|n-a          FAIL      ok
  numbers                    v   numbers-manifest.json::figures[0].second_derivation| FAIL      ok
  numbers                    v   numbers-manifest.json::figures[0].rerun.ran|n-a      FAIL      ok
  numbers                    v   numbers-manifest.json::figures[0].rerun.primary|n-a  FAIL      ok
  numbers                    v   numbers-manifest.json::figures[0].rerun.secondary|n- FAIL      ok
  numbers                    v   numbers-manifest.json::*|dash                        FAIL      ok
  numbers                    v   numbers-manifest.json::figures[0].rerun/*|dash       FAIL      ok
  numbers                    v   numbers-manifest.json::figures[0]/*|dash             FAIL      ok
  numbers                    v   numbers-manifest.json::figures/*|dash                FAIL      ok
  numbers                    v   numbers-manifest.json::figures[0].label|dash         FAIL      ok
  numbers                    v   numbers-manifest.json::figures[0].snapshot_id|dash   FAIL      ok
  numbers                    v   numbers-manifest.json::figures[0].query|dash         FAIL      ok
  numbers                    v   numbers-manifest.json::figures[0].second_derivation| FAIL      ok
  numbers                    v   numbers-manifest.json::figures[0].rerun.ran|dash     FAIL      ok
  numbers                    v   numbers-manifest.json::figures[0].rerun.primary|dash FAIL      ok
  numbers                    v   numbers-manifest.json::figures[0].rerun.secondary|da FAIL      ok
  numbers                    v   numbers-manifest.json::*|copula-remnant              FAIL      ok
  numbers                    v   numbers-manifest.json::figures[0].rerun/*|copula-rem FAIL      ok
  numbers                    v   numbers-manifest.json::figures[0]/*|copula-remnant   FAIL      ok
  numbers                    v   numbers-manifest.json::figures/*|copula-remnant      FAIL      ok
  numbers                    v   numbers-manifest.json::figures[0].label|copula-remna FAIL      ok
  numbers                    v   numbers-manifest.json::figures[0].snapshot_id|copula FAIL      ok
  numbers                    v   numbers-manifest.json::figures[0].query|copula-remna FAIL      ok
  numbers                    v   numbers-manifest.json::figures[0].second_derivation| FAIL      ok
  numbers                    v   numbers-manifest.json::figures[0].rerun.ran|copula-r FAIL      ok
  numbers                    v   numbers-manifest.json::figures[0].rerun.primary|copu FAIL      ok
  numbers                    v   numbers-manifest.json::figures[0].rerun.secondary|co FAIL      ok
  numbers                    v   numbers-manifest.json::*|todo-zero-width             FAIL      ok
  numbers                    v   numbers-manifest.json::figures[0].rerun/*|todo-zero- FAIL      ok
  numbers                    v   numbers-manifest.json::figures[0]/*|todo-zero-width  FAIL      ok
  numbers                    v   numbers-manifest.json::figures/*|todo-zero-width     FAIL      ok
  numbers                    v   numbers-manifest.json::figures[0].label|todo-zero-wi FAIL      ok
  numbers                    v   numbers-manifest.json::figures[0].snapshot_id|todo-z FAIL      ok
  numbers                    v   numbers-manifest.json::figures[0].query|todo-zero-wi FAIL      ok
  numbers                    v   numbers-manifest.json::figures[0].second_derivation| FAIL      ok
  numbers                    v   numbers-manifest.json::figures[0].rerun.ran|todo-zer FAIL      ok
  numbers                    v   numbers-manifest.json::figures[0].rerun.primary|todo FAIL      ok
  numbers                    v   numbers-manifest.json::figures[0].rerun.secondary|to FAIL      ok
  numbers                    v   numbers-manifest.json::*|todo-soft-hyphen            FAIL      ok
  numbers                    v   numbers-manifest.json::figures[0].rerun/*|todo-soft- FAIL      ok
  numbers                    v   numbers-manifest.json::figures[0]/*|todo-soft-hyphen FAIL      ok
  numbers                    v   numbers-manifest.json::figures/*|todo-soft-hyphen    FAIL      ok
  numbers                    v   numbers-manifest.json::figures[0].label|todo-soft-hy FAIL      ok
  numbers                    v   numbers-manifest.json::figures[0].snapshot_id|todo-s FAIL      ok
  numbers                    v   numbers-manifest.json::figures[0].query|todo-soft-hy FAIL      ok
  numbers                    v   numbers-manifest.json::figures[0].second_derivation| FAIL      ok
  numbers                    v   numbers-manifest.json::figures[0].rerun.ran|todo-sof FAIL      ok
  numbers                    v   numbers-manifest.json::figures[0].rerun.primary|todo FAIL      ok
  numbers                    v   numbers-manifest.json::figures[0].rerun.secondary|to FAIL      ok
  numbers                    v   numbers-manifest.json::*|todo-fullwidth              FAIL      ok
  numbers                    v   numbers-manifest.json::figures[0].rerun/*|todo-fullw FAIL      ok
  numbers                    v   numbers-manifest.json::figures[0]/*|todo-fullwidth   FAIL      ok
  numbers                    v   numbers-manifest.json::figures/*|todo-fullwidth      FAIL      ok
  numbers                    v   numbers-manifest.json::figures[0].label|todo-fullwid FAIL      ok
  numbers                    v   numbers-manifest.json::figures[0].snapshot_id|todo-f FAIL      ok
  numbers                    v   numbers-manifest.json::figures[0].query|todo-fullwid FAIL      ok
  numbers                    v   numbers-manifest.json::figures[0].second_derivation| FAIL      ok
  numbers                    v   numbers-manifest.json::figures[0].rerun.ran|todo-ful FAIL      ok
  numbers                    v   numbers-manifest.json::figures[0].rerun.primary|todo FAIL      ok
  numbers                    v   numbers-manifest.json::figures[0].rerun.secondary|to FAIL      ok
  numbers                    v   numbers-manifest.json::*|todo-small-caps             FAIL      ok
  numbers                    v   numbers-manifest.json::figures[0].rerun/*|todo-small FAIL      ok
  numbers                    v   numbers-manifest.json::figures[0]/*|todo-small-caps  FAIL      ok
  numbers                    v   numbers-manifest.json::figures/*|todo-small-caps     FAIL      ok
  numbers                    v   numbers-manifest.json::figures[0].label|todo-small-c FAIL      ok
  numbers                    v   numbers-manifest.json::figures[0].snapshot_id|todo-s FAIL      ok
  numbers                    v   numbers-manifest.json::figures[0].query|todo-small-c FAIL      ok
  numbers                    v   numbers-manifest.json::figures[0].second_derivation| FAIL      ok
  numbers                    v   numbers-manifest.json::figures[0].rerun.ran|todo-sma FAIL      ok
  numbers                    v   numbers-manifest.json::figures[0].rerun.primary|todo FAIL      ok
  numbers                    v   numbers-manifest.json::figures[0].rerun.secondary|to FAIL      ok
  numbers                    v   numbers-manifest.json::*|tbd-small-caps              FAIL      ok
  numbers                    v   numbers-manifest.json::figures[0].rerun/*|tbd-small- FAIL      ok
  numbers                    v   numbers-manifest.json::figures[0]/*|tbd-small-caps   FAIL      ok
  numbers                    v   numbers-manifest.json::figures/*|tbd-small-caps      FAIL      ok
  numbers                    v   numbers-manifest.json::figures[0].label|tbd-small-ca FAIL      ok
  numbers                    v   numbers-manifest.json::figures[0].snapshot_id|tbd-sm FAIL      ok
  numbers                    v   numbers-manifest.json::figures[0].query|tbd-small-ca FAIL      ok
  numbers                    v   numbers-manifest.json::figures[0].second_derivation| FAIL      ok
  numbers                    v   numbers-manifest.json::figures[0].rerun.ran|tbd-smal FAIL      ok
  numbers                    v   numbers-manifest.json::figures[0].rerun.primary|tbd- FAIL      ok
  numbers                    v   numbers-manifest.json::figures[0].rerun.secondary|tb FAIL      ok
  numbers                    v   numbers-manifest.json::*|bracketed-tbd               FAIL      ok
  numbers                    v   numbers-manifest.json::figures[0].rerun/*|bracketed- FAIL      ok
  numbers                    v   numbers-manifest.json::figures[0]/*|bracketed-tbd    FAIL      ok
  numbers                    v   numbers-manifest.json::figures/*|bracketed-tbd       FAIL      ok
  numbers                    v   numbers-manifest.json::figures[0].label|bracketed-tb FAIL      ok
  numbers                    v   numbers-manifest.json::figures[0].snapshot_id|bracke FAIL      ok
  numbers                    v   numbers-manifest.json::figures[0].query|bracketed-tb FAIL      ok
  numbers                    v   numbers-manifest.json::figures[0].second_derivation| FAIL      ok
  numbers                    v   numbers-manifest.json::figures[0].rerun.ran|brackete FAIL      ok
  numbers                    v   numbers-manifest.json::figures[0].rerun.primary|brac FAIL      ok
  numbers                    v   numbers-manifest.json::figures[0].rerun.secondary|br FAIL      ok
  numbers                    n   numbers-manifest.json::*|hash-comment                FAIL      ok
  numbers                    n   numbers-manifest.json::figures[0].rerun/*|hash-comme FAIL      ok
  numbers                    n   numbers-manifest.json::figures[0]/*|hash-comment     FAIL      ok
  numbers                    n   numbers-manifest.json::figures/*|hash-comment        FAIL      ok
  numbers                    n   numbers-manifest.json::figures[0].label|hash-comment FAIL      ok
  numbers                    n   numbers-manifest.json::figures[0].snapshot_id|hash-c FAIL      ok
  numbers                    n   numbers-manifest.json::figures[0].query|hash-comment FAIL      ok
  numbers                    n   numbers-manifest.json::figures[0].second_derivation| FAIL      ok
  numbers                    n   numbers-manifest.json::figures[0].rerun.ran|hash-com FAIL      ok
  numbers                    n   numbers-manifest.json::figures[0].rerun.primary|hash FAIL      ok
  numbers                    n   numbers-manifest.json::figures[0].rerun.secondary|ha FAIL      ok
  numbers                    n   numbers-manifest.json::*|block-comment               FAIL      ok
  numbers                    n   numbers-manifest.json::figures[0].rerun/*|block-comm FAIL      ok
  numbers                    n   numbers-manifest.json::figures[0]/*|block-comment    FAIL      ok
  numbers                    n   numbers-manifest.json::figures/*|block-comment       FAIL      ok
  numbers                    n   numbers-manifest.json::figures[0].label|block-commen FAIL      ok
  numbers                    n   numbers-manifest.json::figures[0].snapshot_id|block- FAIL      ok
  numbers                    n   numbers-manifest.json::figures[0].query|block-commen FAIL      ok
  numbers                    n   numbers-manifest.json::figures[0].second_derivation| FAIL      ok
  numbers                    n   numbers-manifest.json::figures[0].rerun.ran|block-co FAIL      ok
  numbers                    n   numbers-manifest.json::figures[0].rerun.primary|bloc FAIL      ok
  numbers                    n   numbers-manifest.json::figures[0].rerun.secondary|bl FAIL      ok
  numbers                    n   numbers-manifest.json::*|punctuation                 FAIL      ok
  numbers                    n   numbers-manifest.json::figures[0].rerun/*|punctuatio FAIL      ok
  numbers                    n   numbers-manifest.json::figures[0]/*|punctuation      FAIL      ok
  numbers                    n   numbers-manifest.json::figures/*|punctuation         FAIL      ok
  numbers                    n   numbers-manifest.json::figures[0].label|punctuation  FAIL      ok
  numbers                    n   numbers-manifest.json::figures[0].snapshot_id|punctu FAIL      ok
  numbers                    n   numbers-manifest.json::figures[0].query|punctuation  FAIL      ok
  numbers                    n   numbers-manifest.json::figures[0].second_derivation| FAIL      ok
  numbers                    n   numbers-manifest.json::figures[0].rerun.ran|punctuat FAIL      ok
  numbers                    n   numbers-manifest.json::figures[0].rerun.primary|punc FAIL      ok
  numbers                    n   numbers-manifest.json::figures[0].rerun.secondary|pu FAIL      ok
  numbers                    m   numbers-manifest.json::*|nan                         FAIL      ok
  numbers                    m   numbers-manifest.json::figures[0].rerun/*|nan        FAIL      ok
  numbers                    m   numbers-manifest.json::figures[0]/*|nan              FAIL      ok
  numbers                    m   numbers-manifest.json::figures/*|nan                 FAIL      ok
  numbers                    m   numbers-manifest.json::figures[0].label|nan          FAIL      ok
  numbers                    m   numbers-manifest.json::figures[0].snapshot_id|nan    FAIL      ok
  numbers                    m   numbers-manifest.json::figures[0].query|nan          FAIL      ok
  numbers                    m   numbers-manifest.json::figures[0].second_derivation| FAIL      ok
  numbers                    m   numbers-manifest.json::figures[0].rerun.ran|nan      FAIL      ok
  numbers                    m   numbers-manifest.json::figures[0].rerun.primary|nan  FAIL      ok
  numbers                    m   numbers-manifest.json::figures[0].rerun.secondary|na FAIL      ok
  numbers                    m   numbers-manifest.json::*|infinity                    FAIL      ok
  numbers                    m   numbers-manifest.json::figures[0].rerun/*|infinity   FAIL      ok
  numbers                    m   numbers-manifest.json::figures[0]/*|infinity         FAIL      ok
  numbers                    m   numbers-manifest.json::figures/*|infinity            FAIL      ok
  numbers                    m   numbers-manifest.json::figures[0].label|infinity     FAIL      ok
  numbers                    m   numbers-manifest.json::figures[0].snapshot_id|infini FAIL      ok
  numbers                    m   numbers-manifest.json::figures[0].query|infinity     FAIL      ok
  numbers                    m   numbers-manifest.json::figures[0].second_derivation| FAIL      ok
  numbers                    m   numbers-manifest.json::figures[0].rerun.ran|infinity FAIL      ok
  numbers                    m   numbers-manifest.json::figures[0].rerun.primary|infi FAIL      ok
  numbers                    m   numbers-manifest.json::figures[0].rerun.secondary|in FAIL      ok
  numbers                    t   numbers-manifest.json::figures[0].rerun.ran|says-no  FAIL      ok
  numbers                    t   numbers-manifest.json::figures[0].rerun.ran|says-fal FAIL      ok
  numbers                    h   numbers-manifest.json::figures=[{}]                  FAIL      ok
  numbers                    j   numbers-manifest.json::figures=[]                    NO-DATA   ok
  numbers                    i   numbers-manifest.json::zero-bytes                    FAIL      ok
  numbers                    i   declared-reads::zero-bytes                           FAIL      ok
  numbers                    x   access::numbers-manifest.json|chmod-000              FAIL      ok
  numbers                    x   access::numbers-manifest.json|broken-symlink         FAIL      ok
  numbers                    x   access::numbers-manifest.json|symlink-loop           FAIL      ok
  numbers                    x   access::numbers-manifest.json|fifo                   FAIL      ok
  numbers                    x   access::loop-beside-evidence                         PASS      ok
  numbers                    x   access::numbers-manifest.json|parent-chmod-000       NO-DATA   ok
  numbers                    -> invocation accounting n/a: this tool runs every check unconditionally, so there is no fallback to fall into
  migration                  a   a-empty-directory                                    NO-DATA   ok
  migration                  b   b-declares-nothing                                   NO-DATA   ok
  migration                  c   c-json-is-a-list                                     FAIL      ok
  migration                  c   c-json-is-a-string                                   FAIL      ok
  migration                  c   c-json-is-a-number                                   FAIL      ok
  migration                  d   d-malformed-json                                     FAIL      ok
  migration                  full full                                                 PASS      ok
  migration                  n   migration-receipt.json::*|sql-comment-with-words     FAIL      ok
  migration                  n   migration-receipt.json::*|not-a-measurement          FAIL      ok
  migration                  n   migration-receipt.json::*|number-in-a-text-field     FAIL      ok
  migration                  e   migration-receipt.json::*|empty-string               FAIL      ok
  migration                  e   migration-receipt.json::reverse/*|empty-string       FAIL      ok
  migration                  e   migration-receipt.json::row_counts/*|empty-string    FAIL      ok
  migration                  e   migration-receipt.json::forward.ran_against_restore| FAIL      ok
  migration                  e   migration-receipt.json::reverse.ran_against_restore| FAIL      ok
  migration                  e   migration-receipt.json::reverse.rehearsal_run_id|emp FAIL      ok
  migration                  e   migration-receipt.json::row_counts.before|empty-stri FAIL      ok
  migration                  e   migration-receipt.json::row_counts.after_reverse|emp FAIL      ok
  migration                  f   migration-receipt.json::*|whitespace                 FAIL      ok
  migration                  f   migration-receipt.json::reverse/*|whitespace         FAIL      ok
  migration                  f   migration-receipt.json::row_counts/*|whitespace      FAIL      ok
  migration                  f   migration-receipt.json::forward.ran_against_restore| FAIL      ok
  migration                  f   migration-receipt.json::reverse.ran_against_restore| FAIL      ok
  migration                  f   migration-receipt.json::reverse.rehearsal_run_id|whi FAIL      ok
  migration                  f   migration-receipt.json::row_counts.before|whitespace FAIL      ok
  migration                  f   migration-receipt.json::row_counts.after_reverse|whi FAIL      ok
  migration                  g   migration-receipt.json::*|null                       FAIL      ok
  migration                  g   migration-receipt.json::reverse/*|null               FAIL      ok
  migration                  g   migration-receipt.json::row_counts/*|null            FAIL      ok
  migration                  g   migration-receipt.json::forward.ran_against_restore| FAIL      ok
  migration                  g   migration-receipt.json::reverse.ran_against_restore| FAIL      ok
  migration                  g   migration-receipt.json::reverse.rehearsal_run_id|nul FAIL      ok
  migration                  g   migration-receipt.json::row_counts.before|null       FAIL      ok
  migration                  g   migration-receipt.json::row_counts.after_reverse|nul FAIL      ok
  migration                  v   migration-receipt.json::*|todo                       FAIL      ok
  migration                  v   migration-receipt.json::reverse/*|todo               FAIL      ok
  migration                  v   migration-receipt.json::row_counts/*|todo            FAIL      ok
  migration                  v   migration-receipt.json::forward.ran_against_restore| FAIL      ok
  migration                  v   migration-receipt.json::reverse.ran_against_restore| FAIL      ok
  migration                  v   migration-receipt.json::reverse.rehearsal_run_id|tod FAIL      ok
  migration                  v   migration-receipt.json::row_counts.before|todo       FAIL      ok
  migration                  v   migration-receipt.json::row_counts.after_reverse|tod FAIL      ok
  migration                  v   migration-receipt.json::*|n-a                        FAIL      ok
  migration                  v   migration-receipt.json::reverse/*|n-a                FAIL      ok
  migration                  v   migration-receipt.json::row_counts/*|n-a             FAIL      ok
  migration                  v   migration-receipt.json::forward.ran_against_restore| FAIL      ok
  migration                  v   migration-receipt.json::reverse.ran_against_restore| FAIL      ok
  migration                  v   migration-receipt.json::reverse.rehearsal_run_id|n-a FAIL      ok
  migration                  v   migration-receipt.json::row_counts.before|n-a        FAIL      ok
  migration                  v   migration-receipt.json::row_counts.after_reverse|n-a FAIL      ok
  migration                  v   migration-receipt.json::*|dash                       FAIL      ok
  migration                  v   migration-receipt.json::reverse/*|dash               FAIL      ok
  migration                  v   migration-receipt.json::row_counts/*|dash            FAIL      ok
  migration                  v   migration-receipt.json::forward.ran_against_restore| FAIL      ok
  migration                  v   migration-receipt.json::reverse.ran_against_restore| FAIL      ok
  migration                  v   migration-receipt.json::reverse.rehearsal_run_id|das FAIL      ok
  migration                  v   migration-receipt.json::row_counts.before|dash       FAIL      ok
  migration                  v   migration-receipt.json::row_counts.after_reverse|das FAIL      ok
  migration                  v   migration-receipt.json::*|copula-remnant             FAIL      ok
  migration                  v   migration-receipt.json::reverse/*|copula-remnant     FAIL      ok
  migration                  v   migration-receipt.json::row_counts/*|copula-remnant  FAIL      ok
  migration                  v   migration-receipt.json::forward.ran_against_restore| FAIL      ok
  migration                  v   migration-receipt.json::reverse.ran_against_restore| FAIL      ok
  migration                  v   migration-receipt.json::reverse.rehearsal_run_id|cop FAIL      ok
  migration                  v   migration-receipt.json::row_counts.before|copula-rem FAIL      ok
  migration                  v   migration-receipt.json::row_counts.after_reverse|cop FAIL      ok
  migration                  v   migration-receipt.json::*|todo-zero-width            FAIL      ok
  migration                  v   migration-receipt.json::reverse/*|todo-zero-width    FAIL      ok
  migration                  v   migration-receipt.json::row_counts/*|todo-zero-width FAIL      ok
  migration                  v   migration-receipt.json::forward.ran_against_restore| FAIL      ok
  migration                  v   migration-receipt.json::reverse.ran_against_restore| FAIL      ok
  migration                  v   migration-receipt.json::reverse.rehearsal_run_id|tod FAIL      ok
  migration                  v   migration-receipt.json::row_counts.before|todo-zero- FAIL      ok
  migration                  v   migration-receipt.json::row_counts.after_reverse|tod FAIL      ok
  migration                  v   migration-receipt.json::*|todo-soft-hyphen           FAIL      ok
  migration                  v   migration-receipt.json::reverse/*|todo-soft-hyphen   FAIL      ok
  migration                  v   migration-receipt.json::row_counts/*|todo-soft-hyphe FAIL      ok
  migration                  v   migration-receipt.json::forward.ran_against_restore| FAIL      ok
  migration                  v   migration-receipt.json::reverse.ran_against_restore| FAIL      ok
  migration                  v   migration-receipt.json::reverse.rehearsal_run_id|tod FAIL      ok
  migration                  v   migration-receipt.json::row_counts.before|todo-soft- FAIL      ok
  migration                  v   migration-receipt.json::row_counts.after_reverse|tod FAIL      ok
  migration                  v   migration-receipt.json::*|todo-fullwidth             FAIL      ok
  migration                  v   migration-receipt.json::reverse/*|todo-fullwidth     FAIL      ok
  migration                  v   migration-receipt.json::row_counts/*|todo-fullwidth  FAIL      ok
  migration                  v   migration-receipt.json::forward.ran_against_restore| FAIL      ok
  migration                  v   migration-receipt.json::reverse.ran_against_restore| FAIL      ok
  migration                  v   migration-receipt.json::reverse.rehearsal_run_id|tod FAIL      ok
  migration                  v   migration-receipt.json::row_counts.before|todo-fullw FAIL      ok
  migration                  v   migration-receipt.json::row_counts.after_reverse|tod FAIL      ok
  migration                  v   migration-receipt.json::*|todo-small-caps            FAIL      ok
  migration                  v   migration-receipt.json::reverse/*|todo-small-caps    FAIL      ok
  migration                  v   migration-receipt.json::row_counts/*|todo-small-caps FAIL      ok
  migration                  v   migration-receipt.json::forward.ran_against_restore| FAIL      ok
  migration                  v   migration-receipt.json::reverse.ran_against_restore| FAIL      ok
  migration                  v   migration-receipt.json::reverse.rehearsal_run_id|tod FAIL      ok
  migration                  v   migration-receipt.json::row_counts.before|todo-small FAIL      ok
  migration                  v   migration-receipt.json::row_counts.after_reverse|tod FAIL      ok
  migration                  v   migration-receipt.json::*|tbd-small-caps             FAIL      ok
  migration                  v   migration-receipt.json::reverse/*|tbd-small-caps     FAIL      ok
  migration                  v   migration-receipt.json::row_counts/*|tbd-small-caps  FAIL      ok
  migration                  v   migration-receipt.json::forward.ran_against_restore| FAIL      ok
  migration                  v   migration-receipt.json::reverse.ran_against_restore| FAIL      ok
  migration                  v   migration-receipt.json::reverse.rehearsal_run_id|tbd FAIL      ok
  migration                  v   migration-receipt.json::row_counts.before|tbd-small- FAIL      ok
  migration                  v   migration-receipt.json::row_counts.after_reverse|tbd FAIL      ok
  migration                  v   migration-receipt.json::*|bracketed-tbd              FAIL      ok
  migration                  v   migration-receipt.json::reverse/*|bracketed-tbd      FAIL      ok
  migration                  v   migration-receipt.json::row_counts/*|bracketed-tbd   FAIL      ok
  migration                  v   migration-receipt.json::forward.ran_against_restore| FAIL      ok
  migration                  v   migration-receipt.json::reverse.ran_against_restore| FAIL      ok
  migration                  v   migration-receipt.json::reverse.rehearsal_run_id|bra FAIL      ok
  migration                  v   migration-receipt.json::row_counts.before|bracketed- FAIL      ok
  migration                  v   migration-receipt.json::row_counts.after_reverse|bra FAIL      ok
  migration                  n   migration-receipt.json::*|hash-comment               FAIL      ok
  migration                  n   migration-receipt.json::reverse/*|hash-comment       FAIL      ok
  migration                  n   migration-receipt.json::row_counts/*|hash-comment    FAIL      ok
  migration                  n   migration-receipt.json::forward.ran_against_restore| FAIL      ok
  migration                  n   migration-receipt.json::reverse.ran_against_restore| FAIL      ok
  migration                  n   migration-receipt.json::reverse.rehearsal_run_id|has FAIL      ok
  migration                  n   migration-receipt.json::row_counts.before|hash-comme FAIL      ok
  migration                  n   migration-receipt.json::row_counts.after_reverse|has FAIL      ok
  migration                  n   migration-receipt.json::*|block-comment              FAIL      ok
  migration                  n   migration-receipt.json::reverse/*|block-comment      FAIL      ok
  migration                  n   migration-receipt.json::row_counts/*|block-comment   FAIL      ok
  migration                  n   migration-receipt.json::forward.ran_against_restore| FAIL      ok
  migration                  n   migration-receipt.json::reverse.ran_against_restore| FAIL      ok
  migration                  n   migration-receipt.json::reverse.rehearsal_run_id|blo FAIL      ok
  migration                  n   migration-receipt.json::row_counts.before|block-comm FAIL      ok
  migration                  n   migration-receipt.json::row_counts.after_reverse|blo FAIL      ok
  migration                  n   migration-receipt.json::*|punctuation                FAIL      ok
  migration                  n   migration-receipt.json::reverse/*|punctuation        FAIL      ok
  migration                  n   migration-receipt.json::row_counts/*|punctuation     FAIL      ok
  migration                  n   migration-receipt.json::forward.ran_against_restore| FAIL      ok
  migration                  n   migration-receipt.json::reverse.ran_against_restore| FAIL      ok
  migration                  n   migration-receipt.json::reverse.rehearsal_run_id|pun FAIL      ok
  migration                  n   migration-receipt.json::row_counts.before|punctuatio FAIL      ok
  migration                  n   migration-receipt.json::row_counts.after_reverse|pun FAIL      ok
  migration                  m   migration-receipt.json::*|nan                        FAIL      ok
  migration                  m   migration-receipt.json::reverse/*|nan                FAIL      ok
  migration                  m   migration-receipt.json::row_counts/*|nan             FAIL      ok
  migration                  m   migration-receipt.json::forward.ran_against_restore| FAIL      ok
  migration                  m   migration-receipt.json::reverse.ran_against_restore| FAIL      ok
  migration                  m   migration-receipt.json::reverse.rehearsal_run_id|nan FAIL      ok
  migration                  m   migration-receipt.json::row_counts.before|nan        FAIL      ok
  migration                  m   migration-receipt.json::row_counts.after_reverse|nan FAIL      ok
  migration                  m   migration-receipt.json::*|infinity                   FAIL      ok
  migration                  m   migration-receipt.json::reverse/*|infinity           FAIL      ok
  migration                  m   migration-receipt.json::row_counts/*|infinity        FAIL      ok
  migration                  m   migration-receipt.json::forward.ran_against_restore| FAIL      ok
  migration                  m   migration-receipt.json::reverse.ran_against_restore| FAIL      ok
  migration                  m   migration-receipt.json::reverse.rehearsal_run_id|inf FAIL      ok
  migration                  m   migration-receipt.json::row_counts.before|infinity   FAIL      ok
  migration                  m   migration-receipt.json::row_counts.after_reverse|inf FAIL      ok
  migration                  t   migration-receipt.json::forward.ran_against_restore| FAIL      ok
  migration                  t   migration-receipt.json::forward.ran_against_restore| FAIL      ok
  migration                  t   migration-receipt.json::reverse.ran_against_restore| FAIL      ok
  migration                  t   migration-receipt.json::reverse.ran_against_restore| FAIL      ok
  migration                  i   migration-receipt.json::zero-bytes                   FAIL      ok
  migration                  i   declared-reads::zero-bytes                           FAIL      ok
  migration                  x   access::migration-receipt.json|chmod-000             FAIL      ok
  migration                  x   access::migration-receipt.json|broken-symlink        FAIL      ok
  migration                  x   access::migration-receipt.json|symlink-loop          FAIL      ok
  migration                  x   access::migration-receipt.json|fifo                  FAIL      ok
  migration                  x   access::loop-beside-evidence                         PASS      ok
  migration                  x   access::migration-receipt.json|parent-chmod-000      NO-DATA   ok
  migration                  -> invocation accounting n/a: this tool runs every check unconditionally, so there is no fallback to fall into
  approval                   a   a-empty-directory                                    NO-DATA   ok
  approval                   b   b-declares-nothing                                   FAIL      ok
  approval                   full full                                                 NO-DATA   ok
  approval                   f   APPROVAL::whitespace                                 FAIL      ok
  approval                   v   APPROVAL::vacuous-todo                               FAIL      ok
  approval                   v   APPROVAL::vacuous-n-a                                FAIL      ok
  approval                   v   APPROVAL::vacuous-dash                               FAIL      ok
  approval                   v   APPROVAL::vacuous-copula-remnant                     FAIL      ok
  approval                   v   APPROVAL::vacuous-todo-zero-width                    FAIL      ok
  approval                   v   APPROVAL::vacuous-todo-soft-hyphen                   FAIL      ok
  approval                   v   APPROVAL::vacuous-todo-fullwidth                     FAIL      ok
  approval                   v   APPROVAL::vacuous-todo-small-caps                    FAIL      ok
  approval                   v   APPROVAL::vacuous-tbd-small-caps                     FAIL      ok
  approval                   v   APPROVAL::vacuous-bracketed-tbd                      FAIL      ok
  approval                   i   APPROVAL::zero-bytes                                 FAIL      ok
  approval                   i   declared-reads::zero-bytes                           FAIL      ok
  approval                   x   access::APPROVAL|chmod-000                           FAIL      ok
  approval                   x   access::APPROVAL|broken-symlink                      FAIL      ok
  approval                   x   access::APPROVAL|symlink-loop                        FAIL      ok
  approval                   x   access::APPROVAL|fifo                                FAIL      ok
  approval                   x   access::loop-beside-evidence                         NO-DATA   ok
  approval                   x   access::APPROVAL|parent-chmod-000                    NO-DATA   ok
  approval                   -> invocation accounting n/a: this tool runs every check unconditionally, so there is no fallback to fall into
  ran                        a   a-empty-directory                                    NO-DATA   ok
  ran                        b   b-declares-nothing                                   NO-DATA   ok
  ran                        c   c-json-is-a-list                                     FAIL      ok
  ran                        c   c-json-is-a-string                                   FAIL      ok
  ran                        c   c-json-is-a-number                                   FAIL      ok
  ran                        d   d-malformed-json                                     FAIL      ok
  ran                        full full                                                 PASS      ok
  ran                        n   ran-receipt.json::*|sql-comment-with-words           FAIL      ok
  ran                        n   ran-receipt.json::*|not-a-measurement                FAIL      ok
  ran                        n   ran-receipt.json::*|number-in-a-text-field           FAIL      ok
  ran                        e   ran-receipt.json::*|empty-string                     FAIL      ok
  ran                        e   ran-receipt.json::checks[0]/*|empty-string           FAIL      ok
  ran                        e   ran-receipt.json::checks/*|empty-string              FAIL      ok
  ran                        e   ran-receipt.json::checks[0].name|empty-string        FAIL      ok
  ran                        e   ran-receipt.json::checks[0].exit_code|empty-string   FAIL      ok
  ran                        e   ran-receipt.json::checks[0].duration_ms|empty-string FAIL      ok
  ran                        f   ran-receipt.json::*|whitespace                       FAIL      ok
  ran                        f   ran-receipt.json::checks[0]/*|whitespace             FAIL      ok
  ran                        f   ran-receipt.json::checks/*|whitespace                FAIL      ok
  ran                        f   ran-receipt.json::checks[0].name|whitespace          FAIL      ok
  ran                        f   ran-receipt.json::checks[0].exit_code|whitespace     FAIL      ok
  ran                        f   ran-receipt.json::checks[0].duration_ms|whitespace   FAIL      ok
  ran                        g   ran-receipt.json::*|null                             FAIL      ok
  ran                        g   ran-receipt.json::checks[0]/*|null                   FAIL      ok
  ran                        g   ran-receipt.json::checks/*|null                      FAIL      ok
  ran                        g   ran-receipt.json::checks[0].name|null                FAIL      ok
  ran                        g   ran-receipt.json::checks[0].exit_code|null           FAIL      ok
  ran                        g   ran-receipt.json::checks[0].duration_ms|null         FAIL      ok
  ran                        v   ran-receipt.json::*|todo                             FAIL      ok
  ran                        v   ran-receipt.json::checks[0]/*|todo                   FAIL      ok
  ran                        v   ran-receipt.json::checks/*|todo                      FAIL      ok
  ran                        v   ran-receipt.json::checks[0].name|todo                FAIL      ok
  ran                        v   ran-receipt.json::checks[0].exit_code|todo           FAIL      ok
  ran                        v   ran-receipt.json::checks[0].duration_ms|todo         FAIL      ok
  ran                        v   ran-receipt.json::*|n-a                              FAIL      ok
  ran                        v   ran-receipt.json::checks[0]/*|n-a                    FAIL      ok
  ran                        v   ran-receipt.json::checks/*|n-a                       FAIL      ok
  ran                        v   ran-receipt.json::checks[0].name|n-a                 FAIL      ok
  ran                        v   ran-receipt.json::checks[0].exit_code|n-a            FAIL      ok
  ran                        v   ran-receipt.json::checks[0].duration_ms|n-a          FAIL      ok
  ran                        v   ran-receipt.json::*|dash                             FAIL      ok
  ran                        v   ran-receipt.json::checks[0]/*|dash                   FAIL      ok
  ran                        v   ran-receipt.json::checks/*|dash                      FAIL      ok
  ran                        v   ran-receipt.json::checks[0].name|dash                FAIL      ok
  ran                        v   ran-receipt.json::checks[0].exit_code|dash           FAIL      ok
  ran                        v   ran-receipt.json::checks[0].duration_ms|dash         FAIL      ok
  ran                        v   ran-receipt.json::*|copula-remnant                   FAIL      ok
  ran                        v   ran-receipt.json::checks[0]/*|copula-remnant         FAIL      ok
  ran                        v   ran-receipt.json::checks/*|copula-remnant            FAIL      ok
  ran                        v   ran-receipt.json::checks[0].name|copula-remnant      FAIL      ok
  ran                        v   ran-receipt.json::checks[0].exit_code|copula-remnant FAIL      ok
  ran                        v   ran-receipt.json::checks[0].duration_ms|copula-remna FAIL      ok
  ran                        v   ran-receipt.json::*|todo-zero-width                  FAIL      ok
  ran                        v   ran-receipt.json::checks[0]/*|todo-zero-width        FAIL      ok
  ran                        v   ran-receipt.json::checks/*|todo-zero-width           FAIL      ok
  ran                        v   ran-receipt.json::checks[0].name|todo-zero-width     FAIL      ok
  ran                        v   ran-receipt.json::checks[0].exit_code|todo-zero-widt FAIL      ok
  ran                        v   ran-receipt.json::checks[0].duration_ms|todo-zero-wi FAIL      ok
  ran                        v   ran-receipt.json::*|todo-soft-hyphen                 FAIL      ok
  ran                        v   ran-receipt.json::checks[0]/*|todo-soft-hyphen       FAIL      ok
  ran                        v   ran-receipt.json::checks/*|todo-soft-hyphen          FAIL      ok
  ran                        v   ran-receipt.json::checks[0].name|todo-soft-hyphen    FAIL      ok
  ran                        v   ran-receipt.json::checks[0].exit_code|todo-soft-hyph FAIL      ok
  ran                        v   ran-receipt.json::checks[0].duration_ms|todo-soft-hy FAIL      ok
  ran                        v   ran-receipt.json::*|todo-fullwidth                   FAIL      ok
  ran                        v   ran-receipt.json::checks[0]/*|todo-fullwidth         FAIL      ok
  ran                        v   ran-receipt.json::checks/*|todo-fullwidth            FAIL      ok
  ran                        v   ran-receipt.json::checks[0].name|todo-fullwidth      FAIL      ok
  ran                        v   ran-receipt.json::checks[0].exit_code|todo-fullwidth FAIL      ok
  ran                        v   ran-receipt.json::checks[0].duration_ms|todo-fullwid FAIL      ok
  ran                        v   ran-receipt.json::*|todo-small-caps                  FAIL      ok
  ran                        v   ran-receipt.json::checks[0]/*|todo-small-caps        FAIL      ok
  ran                        v   ran-receipt.json::checks/*|todo-small-caps           FAIL      ok
  ran                        v   ran-receipt.json::checks[0].name|todo-small-caps     FAIL      ok
  ran                        v   ran-receipt.json::checks[0].exit_code|todo-small-cap FAIL      ok
  ran                        v   ran-receipt.json::checks[0].duration_ms|todo-small-c FAIL      ok
  ran                        v   ran-receipt.json::*|tbd-small-caps                   FAIL      ok
  ran                        v   ran-receipt.json::checks[0]/*|tbd-small-caps         FAIL      ok
  ran                        v   ran-receipt.json::checks/*|tbd-small-caps            FAIL      ok
  ran                        v   ran-receipt.json::checks[0].name|tbd-small-caps      FAIL      ok
  ran                        v   ran-receipt.json::checks[0].exit_code|tbd-small-caps FAIL      ok
  ran                        v   ran-receipt.json::checks[0].duration_ms|tbd-small-ca FAIL      ok
  ran                        v   ran-receipt.json::*|bracketed-tbd                    FAIL      ok
  ran                        v   ran-receipt.json::checks[0]/*|bracketed-tbd          FAIL      ok
  ran                        v   ran-receipt.json::checks/*|bracketed-tbd             FAIL      ok
  ran                        v   ran-receipt.json::checks[0].name|bracketed-tbd       FAIL      ok
  ran                        v   ran-receipt.json::checks[0].exit_code|bracketed-tbd  FAIL      ok
  ran                        v   ran-receipt.json::checks[0].duration_ms|bracketed-tb FAIL      ok
  ran                        n   ran-receipt.json::*|hash-comment                     FAIL      ok
  ran                        n   ran-receipt.json::checks[0]/*|hash-comment           FAIL      ok
  ran                        n   ran-receipt.json::checks/*|hash-comment              FAIL      ok
  ran                        n   ran-receipt.json::checks[0].name|hash-comment        FAIL      ok
  ran                        n   ran-receipt.json::checks[0].exit_code|hash-comment   FAIL      ok
  ran                        n   ran-receipt.json::checks[0].duration_ms|hash-comment FAIL      ok
  ran                        n   ran-receipt.json::*|block-comment                    FAIL      ok
  ran                        n   ran-receipt.json::checks[0]/*|block-comment          FAIL      ok
  ran                        n   ran-receipt.json::checks/*|block-comment             FAIL      ok
  ran                        n   ran-receipt.json::checks[0].name|block-comment       FAIL      ok
  ran                        n   ran-receipt.json::checks[0].exit_code|block-comment  FAIL      ok
  ran                        n   ran-receipt.json::checks[0].duration_ms|block-commen FAIL      ok
  ran                        n   ran-receipt.json::*|punctuation                      FAIL      ok
  ran                        n   ran-receipt.json::checks[0]/*|punctuation            FAIL      ok
  ran                        n   ran-receipt.json::checks/*|punctuation               FAIL      ok
  ran                        n   ran-receipt.json::checks[0].name|punctuation         FAIL      ok
  ran                        n   ran-receipt.json::checks[0].exit_code|punctuation    FAIL      ok
  ran                        n   ran-receipt.json::checks[0].duration_ms|punctuation  FAIL      ok
  ran                        m   ran-receipt.json::*|nan                              FAIL      ok
  ran                        m   ran-receipt.json::checks[0]/*|nan                    FAIL      ok
  ran                        m   ran-receipt.json::checks/*|nan                       FAIL      ok
  ran                        m   ran-receipt.json::checks[0].name|nan                 FAIL      ok
  ran                        m   ran-receipt.json::checks[0].exit_code|nan            FAIL      ok
  ran                        m   ran-receipt.json::checks[0].duration_ms|nan          FAIL      ok
  ran                        m   ran-receipt.json::*|infinity                         FAIL      ok
  ran                        m   ran-receipt.json::checks[0]/*|infinity               FAIL      ok
  ran                        m   ran-receipt.json::checks/*|infinity                  FAIL      ok
  ran                        m   ran-receipt.json::checks[0].name|infinity            FAIL      ok
  ran                        m   ran-receipt.json::checks[0].exit_code|infinity       FAIL      ok
  ran                        m   ran-receipt.json::checks[0].duration_ms|infinity     FAIL      ok
  ran                        h   ran-receipt.json::checks=[{}]                        FAIL      ok
  ran                        j   ran-receipt.json::checks=[]                          NO-DATA   ok
  ran                        i   ran-receipt.json::zero-bytes                         FAIL      ok
  ran                        i   declared-reads::zero-bytes                           FAIL      ok
  ran                        x   access::ran-receipt.json|chmod-000                   FAIL      ok
  ran                        x   access::ran-receipt.json|broken-symlink              FAIL      ok
  ran                        x   access::ran-receipt.json|symlink-loop                FAIL      ok
  ran                        x   access::ran-receipt.json|fifo                        FAIL      ok
  ran                        x   access::loop-beside-evidence                         PASS      ok
  ran                        x   access::ran-receipt.json|parent-chmod-000            NO-DATA   ok
  ran                        -> invocation accounting n/a: this tool runs every check unconditionally, so there is no fallback to fall into

sbe_plan.py.PLAN_CHECKS  (9 checks discovered)
  nonempty                   a   a-empty-directory                                    NO-DATA   ok
  nonempty                   b   b-declares-nothing                                   FAIL      ok
  nonempty                   c   c-json-is-a-list                                     FAIL      ok
  nonempty                   c   c-json-is-a-string                                   FAIL      ok
  nonempty                   c   c-json-is-a-number                                   FAIL      ok
  nonempty                   d   d-malformed-json                                     FAIL      ok
  nonempty                   full full                                                 PASS      ok
  nonempty                   n   08-plan.json::*|sql-comment-with-words               FAIL      ok
  nonempty                   n   08-plan.json::*|not-a-measurement                    FAIL      ok
  nonempty                   n   08-plan.json::*|number-in-a-text-field               FAIL      ok
  nonempty                   e   08-plan.json::*|empty-string                         FAIL      ok
  nonempty                   e   08-plan.json::tasks[0]/*|empty-string                FAIL      ok
  nonempty                   e   08-plan.json::tasks/*|empty-string                   FAIL      ok
  nonempty                   e   08-plan.json::tasks[0].id|empty-string               FAIL      ok
  nonempty                   f   08-plan.json::*|whitespace                           FAIL      ok
  nonempty                   f   08-plan.json::tasks[0]/*|whitespace                  FAIL      ok
  nonempty                   f   08-plan.json::tasks/*|whitespace                     FAIL      ok
  nonempty                   f   08-plan.json::tasks[0].id|whitespace                 FAIL      ok
  nonempty                   g   08-plan.json::*|null                                 FAIL      ok
  nonempty                   g   08-plan.json::tasks[0]/*|null                        FAIL      ok
  nonempty                   g   08-plan.json::tasks/*|null                           FAIL      ok
  nonempty                   g   08-plan.json::tasks[0].id|null                       FAIL      ok
  nonempty                   v   08-plan.json::*|todo                                 FAIL      ok
  nonempty                   v   08-plan.json::tasks[0]/*|todo                        FAIL      ok
  nonempty                   v   08-plan.json::tasks/*|todo                           FAIL      ok
  nonempty                   v   08-plan.json::tasks[0].id|todo                       FAIL      ok
  nonempty                   v   08-plan.json::*|n-a                                  FAIL      ok
  nonempty                   v   08-plan.json::tasks[0]/*|n-a                         FAIL      ok
  nonempty                   v   08-plan.json::tasks/*|n-a                            FAIL      ok
  nonempty                   v   08-plan.json::tasks[0].id|n-a                        FAIL      ok
  nonempty                   v   08-plan.json::*|dash                                 FAIL      ok
  nonempty                   v   08-plan.json::tasks[0]/*|dash                        FAIL      ok
  nonempty                   v   08-plan.json::tasks/*|dash                           FAIL      ok
  nonempty                   v   08-plan.json::tasks[0].id|dash                       FAIL      ok
  nonempty                   v   08-plan.json::*|copula-remnant                       FAIL      ok
  nonempty                   v   08-plan.json::tasks[0]/*|copula-remnant              FAIL      ok
  nonempty                   v   08-plan.json::tasks/*|copula-remnant                 FAIL      ok
  nonempty                   v   08-plan.json::tasks[0].id|copula-remnant             FAIL      ok
  nonempty                   v   08-plan.json::*|todo-zero-width                      FAIL      ok
  nonempty                   v   08-plan.json::tasks[0]/*|todo-zero-width             FAIL      ok
  nonempty                   v   08-plan.json::tasks/*|todo-zero-width                FAIL      ok
  nonempty                   v   08-plan.json::tasks[0].id|todo-zero-width            FAIL      ok
  nonempty                   v   08-plan.json::*|todo-soft-hyphen                     FAIL      ok
  nonempty                   v   08-plan.json::tasks[0]/*|todo-soft-hyphen            FAIL      ok
  nonempty                   v   08-plan.json::tasks/*|todo-soft-hyphen               FAIL      ok
  nonempty                   v   08-plan.json::tasks[0].id|todo-soft-hyphen           FAIL      ok
  nonempty                   v   08-plan.json::*|todo-fullwidth                       FAIL      ok
  nonempty                   v   08-plan.json::tasks[0]/*|todo-fullwidth              FAIL      ok
  nonempty                   v   08-plan.json::tasks/*|todo-fullwidth                 FAIL      ok
  nonempty                   v   08-plan.json::tasks[0].id|todo-fullwidth             FAIL      ok
  nonempty                   v   08-plan.json::*|todo-small-caps                      FAIL      ok
  nonempty                   v   08-plan.json::tasks[0]/*|todo-small-caps             FAIL      ok
  nonempty                   v   08-plan.json::tasks/*|todo-small-caps                FAIL      ok
  nonempty                   v   08-plan.json::tasks[0].id|todo-small-caps            FAIL      ok
  nonempty                   v   08-plan.json::*|tbd-small-caps                       FAIL      ok
  nonempty                   v   08-plan.json::tasks[0]/*|tbd-small-caps              FAIL      ok
  nonempty                   v   08-plan.json::tasks/*|tbd-small-caps                 FAIL      ok
  nonempty                   v   08-plan.json::tasks[0].id|tbd-small-caps             FAIL      ok
  nonempty                   v   08-plan.json::*|bracketed-tbd                        FAIL      ok
  nonempty                   v   08-plan.json::tasks[0]/*|bracketed-tbd               FAIL      ok
  nonempty                   v   08-plan.json::tasks/*|bracketed-tbd                  FAIL      ok
  nonempty                   v   08-plan.json::tasks[0].id|bracketed-tbd              FAIL      ok
  nonempty                   n   08-plan.json::*|hash-comment                         FAIL      ok
  nonempty                   n   08-plan.json::tasks[0]/*|hash-comment                FAIL      ok
  nonempty                   n   08-plan.json::tasks/*|hash-comment                   FAIL      ok
  nonempty                   n   08-plan.json::tasks[0].id|hash-comment               FAIL      ok
  nonempty                   n   08-plan.json::*|block-comment                        FAIL      ok
  nonempty                   n   08-plan.json::tasks[0]/*|block-comment               FAIL      ok
  nonempty                   n   08-plan.json::tasks/*|block-comment                  FAIL      ok
  nonempty                   n   08-plan.json::tasks[0].id|block-comment              FAIL      ok
  nonempty                   n   08-plan.json::*|punctuation                          FAIL      ok
  nonempty                   n   08-plan.json::tasks[0]/*|punctuation                 FAIL      ok
  nonempty                   n   08-plan.json::tasks/*|punctuation                    FAIL      ok
  nonempty                   n   08-plan.json::tasks[0].id|punctuation                FAIL      ok
  nonempty                   m   08-plan.json::*|nan                                  FAIL      ok
  nonempty                   m   08-plan.json::tasks[0]/*|nan                         FAIL      ok
  nonempty                   m   08-plan.json::tasks/*|nan                            FAIL      ok
  nonempty                   m   08-plan.json::tasks[0].id|nan                        FAIL      ok
  nonempty                   m   08-plan.json::*|infinity                             FAIL      ok
  nonempty                   m   08-plan.json::tasks[0]/*|infinity                    FAIL      ok
  nonempty                   m   08-plan.json::tasks/*|infinity                       FAIL      ok
  nonempty                   m   08-plan.json::tasks[0].id|infinity                   FAIL      ok
  nonempty                   h   08-plan.json::tasks=[{}]                             FAIL      ok
  nonempty                   j   08-plan.json::tasks=[]                               FAIL      ok
  nonempty                   i   08-plan.json::zero-bytes                             FAIL      ok
  nonempty                   i   declared-reads::zero-bytes                           FAIL      ok
  nonempty                   x   access::08-plan.json|chmod-000                       FAIL      ok
  nonempty                   x   access::08-plan.json|broken-symlink                  FAIL      ok
  nonempty                   x   access::08-plan.json|symlink-loop                    FAIL      ok
  nonempty                   x   access::08-plan.json|fifo                            FAIL      ok
  nonempty                   x   access::loop-beside-evidence                         PASS      ok
  nonempty                   x   access::08-plan.json|parent-chmod-000                FAIL      ok
  nonempty                   -> invocation accounting n/a: this tool runs every check unconditionally, so there is no fallback to fall into
  citations                  a   a-empty-directory                                    NO-DATA   ok
  citations                  b   b-declares-nothing                                   NO-DATA   ok
  citations                  c   c-json-is-a-list                                     FAIL      ok
  citations                  c   c-json-is-a-string                                   FAIL      ok
  citations                  c   c-json-is-a-number                                   FAIL      ok
  citations                  d   d-malformed-json                                     FAIL      ok
  citations                  full full                                                 PASS      ok
  citations                  n   08-plan.json::*|sql-comment-with-words               FAIL      ok
  citations                  n   08-plan.json::*|not-a-measurement                    FAIL      ok
  citations                  n   08-plan.json::*|number-in-a-text-field               FAIL      ok
  citations                  e   08-plan.json::*|empty-string                         FAIL      ok
  citations                  e   08-plan.json::tasks[0].dossierSources/*|empty-string FAIL      ok
  citations                  e   08-plan.json::tasks[0]/*|empty-string                FAIL      ok
  citations                  e   08-plan.json::tasks/*|empty-string                   FAIL      ok
  citations                  e   08-plan.json::tasks[0].id|empty-string               FAIL      ok
  citations                  e   08-plan.json::tasks[0].dossierSources[0]|empty-strin FAIL      ok
  citations                  f   08-plan.json::*|whitespace                           FAIL      ok
  citations                  f   08-plan.json::tasks[0].dossierSources/*|whitespace   FAIL      ok
  citations                  f   08-plan.json::tasks[0]/*|whitespace                  FAIL      ok
  citations                  f   08-plan.json::tasks/*|whitespace                     FAIL      ok
  citations                  f   08-plan.json::tasks[0].id|whitespace                 FAIL      ok
  citations                  f   08-plan.json::tasks[0].dossierSources[0]|whitespace  FAIL      ok
  citations                  g   08-plan.json::*|null                                 FAIL      ok
  citations                  g   08-plan.json::tasks[0].dossierSources/*|null         FAIL      ok
  citations                  g   08-plan.json::tasks[0]/*|null                        FAIL      ok
  citations                  g   08-plan.json::tasks/*|null                           FAIL      ok
  citations                  g   08-plan.json::tasks[0].id|null                       FAIL      ok
  citations                  g   08-plan.json::tasks[0].dossierSources[0]|null        FAIL      ok
  citations                  v   08-plan.json::*|todo                                 FAIL      ok
  citations                  v   08-plan.json::tasks[0].dossierSources/*|todo         FAIL      ok
  citations                  v   08-plan.json::tasks[0]/*|todo                        FAIL      ok
  citations                  v   08-plan.json::tasks/*|todo                           FAIL      ok
  citations                  v   08-plan.json::tasks[0].id|todo                       FAIL      ok
  citations                  v   08-plan.json::tasks[0].dossierSources[0]|todo        FAIL      ok
  citations                  v   08-plan.json::*|n-a                                  FAIL      ok
  citations                  v   08-plan.json::tasks[0].dossierSources/*|n-a          FAIL      ok
  citations                  v   08-plan.json::tasks[0]/*|n-a                         FAIL      ok
  citations                  v   08-plan.json::tasks/*|n-a                            FAIL      ok
  citations                  v   08-plan.json::tasks[0].id|n-a                        FAIL      ok
  citations                  v   08-plan.json::tasks[0].dossierSources[0]|n-a         FAIL      ok
  citations                  v   08-plan.json::*|dash                                 FAIL      ok
  citations                  v   08-plan.json::tasks[0].dossierSources/*|dash         FAIL      ok
  citations                  v   08-plan.json::tasks[0]/*|dash                        FAIL      ok
  citations                  v   08-plan.json::tasks/*|dash                           FAIL      ok
  citations                  v   08-plan.json::tasks[0].id|dash                       FAIL      ok
  citations                  v   08-plan.json::tasks[0].dossierSources[0]|dash        FAIL      ok
  citations                  v   08-plan.json::*|copula-remnant                       FAIL      ok
  citations                  v   08-plan.json::tasks[0].dossierSources/*|copula-remna FAIL      ok
  citations                  v   08-plan.json::tasks[0]/*|copula-remnant              FAIL      ok
  citations                  v   08-plan.json::tasks/*|copula-remnant                 FAIL      ok
  citations                  v   08-plan.json::tasks[0].id|copula-remnant             FAIL      ok
  citations                  v   08-plan.json::tasks[0].dossierSources[0]|copula-remn FAIL      ok
  citations                  v   08-plan.json::*|todo-zero-width                      FAIL      ok
  citations                  v   08-plan.json::tasks[0].dossierSources/*|todo-zero-wi FAIL      ok
  citations                  v   08-plan.json::tasks[0]/*|todo-zero-width             FAIL      ok
  citations                  v   08-plan.json::tasks/*|todo-zero-width                FAIL      ok
  citations                  v   08-plan.json::tasks[0].id|todo-zero-width            FAIL      ok
  citations                  v   08-plan.json::tasks[0].dossierSources[0]|todo-zero-w FAIL      ok
  citations                  v   08-plan.json::*|todo-soft-hyphen                     FAIL      ok
  citations                  v   08-plan.json::tasks[0].dossierSources/*|todo-soft-hy FAIL      ok
  citations                  v   08-plan.json::tasks[0]/*|todo-soft-hyphen            FAIL      ok
  citations                  v   08-plan.json::tasks/*|todo-soft-hyphen               FAIL      ok
  citations                  v   08-plan.json::tasks[0].id|todo-soft-hyphen           FAIL      ok
  citations                  v   08-plan.json::tasks[0].dossierSources[0]|todo-soft-h FAIL      ok
  citations                  v   08-plan.json::*|todo-fullwidth                       FAIL      ok
  citations                  v   08-plan.json::tasks[0].dossierSources/*|todo-fullwid FAIL      ok
  citations                  v   08-plan.json::tasks[0]/*|todo-fullwidth              FAIL      ok
  citations                  v   08-plan.json::tasks/*|todo-fullwidth                 FAIL      ok
  citations                  v   08-plan.json::tasks[0].id|todo-fullwidth             FAIL      ok
  citations                  v   08-plan.json::tasks[0].dossierSources[0]|todo-fullwi FAIL      ok
  citations                  v   08-plan.json::*|todo-small-caps                      FAIL      ok
  citations                  v   08-plan.json::tasks[0].dossierSources/*|todo-small-c FAIL      ok
  citations                  v   08-plan.json::tasks[0]/*|todo-small-caps             FAIL      ok
  citations                  v   08-plan.json::tasks/*|todo-small-caps                FAIL      ok
  citations                  v   08-plan.json::tasks[0].id|todo-small-caps            FAIL      ok
  citations                  v   08-plan.json::tasks[0].dossierSources[0]|todo-small- FAIL      ok
  citations                  v   08-plan.json::*|tbd-small-caps                       FAIL      ok
  citations                  v   08-plan.json::tasks[0].dossierSources/*|tbd-small-ca FAIL      ok
  citations                  v   08-plan.json::tasks[0]/*|tbd-small-caps              FAIL      ok
  citations                  v   08-plan.json::tasks/*|tbd-small-caps                 FAIL      ok
  citations                  v   08-plan.json::tasks[0].id|tbd-small-caps             FAIL      ok
  citations                  v   08-plan.json::tasks[0].dossierSources[0]|tbd-small-c FAIL      ok
  citations                  v   08-plan.json::*|bracketed-tbd                        FAIL      ok
  citations                  v   08-plan.json::tasks[0].dossierSources/*|bracketed-tb FAIL      ok
  citations                  v   08-plan.json::tasks[0]/*|bracketed-tbd               FAIL      ok
  citations                  v   08-plan.json::tasks/*|bracketed-tbd                  FAIL      ok
  citations                  v   08-plan.json::tasks[0].id|bracketed-tbd              FAIL      ok
  citations                  v   08-plan.json::tasks[0].dossierSources[0]|bracketed-t FAIL      ok
  citations                  n   08-plan.json::*|hash-comment                         FAIL      ok
  citations                  n   08-plan.json::tasks[0].dossierSources/*|hash-comment FAIL      ok
  citations                  n   08-plan.json::tasks[0]/*|hash-comment                FAIL      ok
  citations                  n   08-plan.json::tasks/*|hash-comment                   FAIL      ok
  citations                  n   08-plan.json::tasks[0].id|hash-comment               FAIL      ok
  citations                  n   08-plan.json::tasks[0].dossierSources[0]|hash-commen FAIL      ok
  citations                  n   08-plan.json::*|block-comment                        FAIL      ok
  citations                  n   08-plan.json::tasks[0].dossierSources/*|block-commen FAIL      ok
  citations                  n   08-plan.json::tasks[0]/*|block-comment               FAIL      ok
  citations                  n   08-plan.json::tasks/*|block-comment                  FAIL      ok
  citations                  n   08-plan.json::tasks[0].id|block-comment              FAIL      ok
  citations                  n   08-plan.json::tasks[0].dossierSources[0]|block-comme FAIL      ok
  citations                  n   08-plan.json::*|punctuation                          FAIL      ok
  citations                  n   08-plan.json::tasks[0].dossierSources/*|punctuation  FAIL      ok
  citations                  n   08-plan.json::tasks[0]/*|punctuation                 FAIL      ok
  citations                  n   08-plan.json::tasks/*|punctuation                    FAIL      ok
  citations                  n   08-plan.json::tasks[0].id|punctuation                FAIL      ok
  citations                  n   08-plan.json::tasks[0].dossierSources[0]|punctuation FAIL      ok
  citations                  m   08-plan.json::*|nan                                  FAIL      ok
  citations                  m   08-plan.json::tasks[0].dossierSources/*|nan          FAIL      ok
  citations                  m   08-plan.json::tasks[0]/*|nan                         FAIL      ok
  citations                  m   08-plan.json::tasks/*|nan                            FAIL      ok
  citations                  m   08-plan.json::tasks[0].id|nan                        FAIL      ok
  citations                  m   08-plan.json::tasks[0].dossierSources[0]|nan         FAIL      ok
  citations                  m   08-plan.json::*|infinity                             FAIL      ok
  citations                  m   08-plan.json::tasks[0].dossierSources/*|infinity     FAIL      ok
  citations                  m   08-plan.json::tasks[0]/*|infinity                    FAIL      ok
  citations                  m   08-plan.json::tasks/*|infinity                       FAIL      ok
  citations                  m   08-plan.json::tasks[0].id|infinity                   FAIL      ok
  citations                  m   08-plan.json::tasks[0].dossierSources[0]|infinity    FAIL      ok
  citations                  h   08-plan.json::tasks[0].dossierSources=[{}]           FAIL      ok
  citations                  j   08-plan.json::tasks[0].dossierSources=[]             FAIL      ok
  citations                  h   08-plan.json::tasks=[{}]                             FAIL      ok
  citations                  j   08-plan.json::tasks=[]                               NO-DATA   ok
  citations                  i   08-plan.json::zero-bytes                             FAIL      ok
  citations                  f   03-adr.md::whitespace                                FAIL      ok
  citations                  v   03-adr.md::vacuous-todo                              FAIL      ok
  citations                  v   03-adr.md::every-section-todo                        FAIL      ok
  citations                  v   03-adr.md::vacuous-n-a                               FAIL      ok
  citations                  v   03-adr.md::every-section-n-a                         FAIL      ok
  citations                  v   03-adr.md::vacuous-dash                              FAIL      ok
  citations                  v   03-adr.md::every-section-dash                        FAIL      ok
  citations                  v   03-adr.md::vacuous-copula-remnant                    FAIL      ok
  citations                  v   03-adr.md::every-section-copula-remnant              FAIL      ok
  citations                  v   03-adr.md::vacuous-todo-zero-width                   FAIL      ok
  citations                  v   03-adr.md::every-section-todo-zero-width             FAIL      ok
  citations                  v   03-adr.md::vacuous-todo-soft-hyphen                  FAIL      ok
  citations                  v   03-adr.md::every-section-todo-soft-hyphen            FAIL      ok
  citations                  v   03-adr.md::vacuous-todo-fullwidth                    FAIL      ok
  citations                  v   03-adr.md::every-section-todo-fullwidth              FAIL      ok
  citations                  v   03-adr.md::vacuous-todo-small-caps                   FAIL      ok
  citations                  v   03-adr.md::every-section-todo-small-caps             FAIL      ok
  citations                  v   03-adr.md::vacuous-tbd-small-caps                    FAIL      ok
  citations                  v   03-adr.md::every-section-tbd-small-caps              FAIL      ok
  citations                  v   03-adr.md::vacuous-bracketed-tbd                     FAIL      ok
  citations                  v   03-adr.md::every-section-bracketed-tbd               FAIL      ok
  citations                  s   03-adr.md##Decision                                  FAIL      ok
  citations                  k   03-adr.md::commented-out                             FAIL      ok
  citations                  k   03-adr.md##Decision|commented                        FAIL      ok
  citations                  i   03-adr.md::zero-bytes                                FAIL      ok
  citations                  i   declared-reads::zero-bytes                           FAIL      ok
  citations                  x   access::08-plan.json|chmod-000                       FAIL      ok
  citations                  x   access::08-plan.json|broken-symlink                  FAIL      ok
  citations                  x   access::08-plan.json|symlink-loop                    FAIL      ok
  citations                  x   access::08-plan.json|fifo                            FAIL      ok
  citations                  x   access::loop-beside-evidence                         PASS      ok
  citations                  x   access::08-plan.json|parent-chmod-000                FAIL      ok
  citations                  -> invocation accounting n/a: this tool runs every check unconditionally, so there is no fallback to fall into
  ownership                  a   a-empty-directory                                    NO-DATA   ok
  ownership                  b   b-declares-nothing                                   NO-DATA   ok
  ownership                  c   c-json-is-a-list                                     FAIL      ok
  ownership                  c   c-json-is-a-string                                   FAIL      ok
  ownership                  c   c-json-is-a-number                                   FAIL      ok
  ownership                  d   d-malformed-json                                     FAIL      ok
  ownership                  full full                                                 PASS      ok
  ownership                  n   08-plan.json::*|sql-comment-with-words               FAIL      ok
  ownership                  n   08-plan.json::*|not-a-measurement                    FAIL      ok
  ownership                  n   08-plan.json::*|number-in-a-text-field               FAIL      ok
  ownership                  e   08-plan.json::*|empty-string                         FAIL      ok
  ownership                  e   08-plan.json::tasks[0].owns/*|empty-string           FAIL      ok
  ownership                  e   08-plan.json::tasks[0]/*|empty-string                FAIL      ok
  ownership                  e   08-plan.json::tasks[1]/*|empty-string                FAIL      ok
  ownership                  e   08-plan.json::tasks/*|empty-string                   FAIL      ok
  ownership                  e   08-plan.json::tasks[0].id|empty-string               FAIL      ok
  ownership                  e   08-plan.json::tasks[0].role|empty-string             FAIL      ok
  ownership                  e   08-plan.json::tasks[0].owns[0]|empty-string          FAIL      ok
  ownership                  e   08-plan.json::tasks[1].id|empty-string               FAIL      ok
  ownership                  e   08-plan.json::tasks[1].role|empty-string             FAIL      ok
  ownership                  f   08-plan.json::*|whitespace                           FAIL      ok
  ownership                  f   08-plan.json::tasks[0].owns/*|whitespace             FAIL      ok
  ownership                  f   08-plan.json::tasks[0]/*|whitespace                  FAIL      ok
  ownership                  f   08-plan.json::tasks[1]/*|whitespace                  FAIL      ok
  ownership                  f   08-plan.json::tasks/*|whitespace                     FAIL      ok
  ownership                  f   08-plan.json::tasks[0].id|whitespace                 FAIL      ok
  ownership                  f   08-plan.json::tasks[0].role|whitespace               FAIL      ok
  ownership                  f   08-plan.json::tasks[0].owns[0]|whitespace            FAIL      ok
  ownership                  f   08-plan.json::tasks[1].id|whitespace                 FAIL      ok
  ownership                  f   08-plan.json::tasks[1].role|whitespace               FAIL      ok
  ownership                  g   08-plan.json::*|null                                 FAIL      ok
  ownership                  g   08-plan.json::tasks[0].owns/*|null                   FAIL      ok
  ownership                  g   08-plan.json::tasks[0]/*|null                        FAIL      ok
  ownership                  g   08-plan.json::tasks[1]/*|null                        FAIL      ok
  ownership                  g   08-plan.json::tasks/*|null                           FAIL      ok
  ownership                  g   08-plan.json::tasks[0].id|null                       FAIL      ok
  ownership                  g   08-plan.json::tasks[0].role|null                     FAIL      ok
  ownership                  g   08-plan.json::tasks[0].owns[0]|null                  FAIL      ok
  ownership                  g   08-plan.json::tasks[1].id|null                       FAIL      ok
  ownership                  g   08-plan.json::tasks[1].role|null                     FAIL      ok
  ownership                  v   08-plan.json::*|todo                                 FAIL      ok
  ownership                  v   08-plan.json::tasks[0].owns/*|todo                   FAIL      ok
  ownership                  v   08-plan.json::tasks[0]/*|todo                        FAIL      ok
  ownership                  v   08-plan.json::tasks[1]/*|todo                        FAIL      ok
  ownership                  v   08-plan.json::tasks/*|todo                           FAIL      ok
  ownership                  v   08-plan.json::tasks[0].id|todo                       FAIL      ok
  ownership                  v   08-plan.json::tasks[0].role|todo                     FAIL      ok
  ownership                  v   08-plan.json::tasks[0].owns[0]|todo                  FAIL      ok
  ownership                  v   08-plan.json::tasks[1].id|todo                       FAIL      ok
  ownership                  v   08-plan.json::tasks[1].role|todo                     FAIL      ok
  ownership                  v   08-plan.json::*|n-a                                  FAIL      ok
  ownership                  v   08-plan.json::tasks[0].owns/*|n-a                    FAIL      ok
  ownership                  v   08-plan.json::tasks[0]/*|n-a                         FAIL      ok
  ownership                  v   08-plan.json::tasks[1]/*|n-a                         FAIL      ok
  ownership                  v   08-plan.json::tasks/*|n-a                            FAIL      ok
  ownership                  v   08-plan.json::tasks[0].id|n-a                        FAIL      ok
  ownership                  v   08-plan.json::tasks[0].role|n-a                      FAIL      ok
  ownership                  v   08-plan.json::tasks[0].owns[0]|n-a                   FAIL      ok
  ownership                  v   08-plan.json::tasks[1].id|n-a                        FAIL      ok
  ownership                  v   08-plan.json::tasks[1].role|n-a                      FAIL      ok
  ownership                  v   08-plan.json::*|dash                                 FAIL      ok
  ownership                  v   08-plan.json::tasks[0].owns/*|dash                   FAIL      ok
  ownership                  v   08-plan.json::tasks[0]/*|dash                        FAIL      ok
  ownership                  v   08-plan.json::tasks[1]/*|dash                        FAIL      ok
  ownership                  v   08-plan.json::tasks/*|dash                           FAIL      ok
  ownership                  v   08-plan.json::tasks[0].id|dash                       FAIL      ok
  ownership                  v   08-plan.json::tasks[0].role|dash                     FAIL      ok
  ownership                  v   08-plan.json::tasks[0].owns[0]|dash                  FAIL      ok
  ownership                  v   08-plan.json::tasks[1].id|dash                       FAIL      ok
  ownership                  v   08-plan.json::tasks[1].role|dash                     FAIL      ok
  ownership                  v   08-plan.json::*|copula-remnant                       FAIL      ok
  ownership                  v   08-plan.json::tasks[0].owns/*|copula-remnant         FAIL      ok
  ownership                  v   08-plan.json::tasks[0]/*|copula-remnant              FAIL      ok
  ownership                  v   08-plan.json::tasks[1]/*|copula-remnant              FAIL      ok
  ownership                  v   08-plan.json::tasks/*|copula-remnant                 FAIL      ok
  ownership                  v   08-plan.json::tasks[0].id|copula-remnant             FAIL      ok
  ownership                  v   08-plan.json::tasks[0].role|copula-remnant           FAIL      ok
  ownership                  v   08-plan.json::tasks[0].owns[0]|copula-remnant        FAIL      ok
  ownership                  v   08-plan.json::tasks[1].id|copula-remnant             FAIL      ok
  ownership                  v   08-plan.json::tasks[1].role|copula-remnant           FAIL      ok
  ownership                  v   08-plan.json::*|todo-zero-width                      FAIL      ok
  ownership                  v   08-plan.json::tasks[0].owns/*|todo-zero-width        FAIL      ok
  ownership                  v   08-plan.json::tasks[0]/*|todo-zero-width             FAIL      ok
  ownership                  v   08-plan.json::tasks[1]/*|todo-zero-width             FAIL      ok
  ownership                  v   08-plan.json::tasks/*|todo-zero-width                FAIL      ok
  ownership                  v   08-plan.json::tasks[0].id|todo-zero-width            FAIL      ok
  ownership                  v   08-plan.json::tasks[0].role|todo-zero-width          FAIL      ok
  ownership                  v   08-plan.json::tasks[0].owns[0]|todo-zero-width       FAIL      ok
  ownership                  v   08-plan.json::tasks[1].id|todo-zero-width            FAIL      ok
  ownership                  v   08-plan.json::tasks[1].role|todo-zero-width          FAIL      ok
  ownership                  v   08-plan.json::*|todo-soft-hyphen                     FAIL      ok
  ownership                  v   08-plan.json::tasks[0].owns/*|todo-soft-hyphen       FAIL      ok
  ownership                  v   08-plan.json::tasks[0]/*|todo-soft-hyphen            FAIL      ok
  ownership                  v   08-plan.json::tasks[1]/*|todo-soft-hyphen            FAIL      ok
  ownership                  v   08-plan.json::tasks/*|todo-soft-hyphen               FAIL      ok
  ownership                  v   08-plan.json::tasks[0].id|todo-soft-hyphen           FAIL      ok
  ownership                  v   08-plan.json::tasks[0].role|todo-soft-hyphen         FAIL      ok
  ownership                  v   08-plan.json::tasks[0].owns[0]|todo-soft-hyphen      FAIL      ok
  ownership                  v   08-plan.json::tasks[1].id|todo-soft-hyphen           FAIL      ok
  ownership                  v   08-plan.json::tasks[1].role|todo-soft-hyphen         FAIL      ok
  ownership                  v   08-plan.json::*|todo-fullwidth                       FAIL      ok
  ownership                  v   08-plan.json::tasks[0].owns/*|todo-fullwidth         FAIL      ok
  ownership                  v   08-plan.json::tasks[0]/*|todo-fullwidth              FAIL      ok
  ownership                  v   08-plan.json::tasks[1]/*|todo-fullwidth              FAIL      ok
  ownership                  v   08-plan.json::tasks/*|todo-fullwidth                 FAIL      ok
  ownership                  v   08-plan.json::tasks[0].id|todo-fullwidth             FAIL      ok
  ownership                  v   08-plan.json::tasks[0].role|todo-fullwidth           FAIL      ok
  ownership                  v   08-plan.json::tasks[0].owns[0]|todo-fullwidth        FAIL      ok
  ownership                  v   08-plan.json::tasks[1].id|todo-fullwidth             FAIL      ok
  ownership                  v   08-plan.json::tasks[1].role|todo-fullwidth           FAIL      ok
  ownership                  v   08-plan.json::*|todo-small-caps                      FAIL      ok
  ownership                  v   08-plan.json::tasks[0].owns/*|todo-small-caps        FAIL      ok
  ownership                  v   08-plan.json::tasks[0]/*|todo-small-caps             FAIL      ok
  ownership                  v   08-plan.json::tasks[1]/*|todo-small-caps             FAIL      ok
  ownership                  v   08-plan.json::tasks/*|todo-small-caps                FAIL      ok
  ownership                  v   08-plan.json::tasks[0].id|todo-small-caps            FAIL      ok
  ownership                  v   08-plan.json::tasks[0].role|todo-small-caps          FAIL      ok
  ownership                  v   08-plan.json::tasks[0].owns[0]|todo-small-caps       FAIL      ok
  ownership                  v   08-plan.json::tasks[1].id|todo-small-caps            FAIL      ok
  ownership                  v   08-plan.json::tasks[1].role|todo-small-caps          FAIL      ok
  ownership                  v   08-plan.json::*|tbd-small-caps                       FAIL      ok
  ownership                  v   08-plan.json::tasks[0].owns/*|tbd-small-caps         FAIL      ok
  ownership                  v   08-plan.json::tasks[0]/*|tbd-small-caps              FAIL      ok
  ownership                  v   08-plan.json::tasks[1]/*|tbd-small-caps              FAIL      ok
  ownership                  v   08-plan.json::tasks/*|tbd-small-caps                 FAIL      ok
  ownership                  v   08-plan.json::tasks[0].id|tbd-small-caps             FAIL      ok
  ownership                  v   08-plan.json::tasks[0].role|tbd-small-caps           FAIL      ok
  ownership                  v   08-plan.json::tasks[0].owns[0]|tbd-small-caps        FAIL      ok
  ownership                  v   08-plan.json::tasks[1].id|tbd-small-caps             FAIL      ok
  ownership                  v   08-plan.json::tasks[1].role|tbd-small-caps           FAIL      ok
  ownership                  v   08-plan.json::*|bracketed-tbd                        FAIL      ok
  ownership                  v   08-plan.json::tasks[0].owns/*|bracketed-tbd          FAIL      ok
  ownership                  v   08-plan.json::tasks[0]/*|bracketed-tbd               FAIL      ok
  ownership                  v   08-plan.json::tasks[1]/*|bracketed-tbd               FAIL      ok
  ownership                  v   08-plan.json::tasks/*|bracketed-tbd                  FAIL      ok
  ownership                  v   08-plan.json::tasks[0].id|bracketed-tbd              FAIL      ok
  ownership                  v   08-plan.json::tasks[0].role|bracketed-tbd            FAIL      ok
  ownership                  v   08-plan.json::tasks[0].owns[0]|bracketed-tbd         FAIL      ok
  ownership                  v   08-plan.json::tasks[1].id|bracketed-tbd              FAIL      ok
  ownership                  v   08-plan.json::tasks[1].role|bracketed-tbd            FAIL      ok
  ownership                  n   08-plan.json::*|hash-comment                         FAIL      ok
  ownership                  n   08-plan.json::tasks[0].owns/*|hash-comment           FAIL      ok
  ownership                  n   08-plan.json::tasks[0]/*|hash-comment                FAIL      ok
  ownership                  n   08-plan.json::tasks[1]/*|hash-comment                FAIL      ok
  ownership                  n   08-plan.json::tasks/*|hash-comment                   FAIL      ok
  ownership                  n   08-plan.json::tasks[0].id|hash-comment               FAIL      ok
  ownership                  n   08-plan.json::tasks[0].role|hash-comment             FAIL      ok
  ownership                  n   08-plan.json::tasks[0].owns[0]|hash-comment          FAIL      ok
  ownership                  n   08-plan.json::tasks[1].id|hash-comment               FAIL      ok
  ownership                  n   08-plan.json::tasks[1].role|hash-comment             FAIL      ok
  ownership                  n   08-plan.json::*|block-comment                        FAIL      ok
  ownership                  n   08-plan.json::tasks[0].owns/*|block-comment          FAIL      ok
  ownership                  n   08-plan.json::tasks[0]/*|block-comment               FAIL      ok
  ownership                  n   08-plan.json::tasks[1]/*|block-comment               FAIL      ok
  ownership                  n   08-plan.json::tasks/*|block-comment                  FAIL      ok
  ownership                  n   08-plan.json::tasks[0].id|block-comment              FAIL      ok
  ownership                  n   08-plan.json::tasks[0].role|block-comment            FAIL      ok
  ownership                  n   08-plan.json::tasks[0].owns[0]|block-comment         FAIL      ok
  ownership                  n   08-plan.json::tasks[1].id|block-comment              FAIL      ok
  ownership                  n   08-plan.json::tasks[1].role|block-comment            FAIL      ok
  ownership                  n   08-plan.json::*|punctuation                          FAIL      ok
  ownership                  n   08-plan.json::tasks[0].owns/*|punctuation            FAIL      ok
  ownership                  n   08-plan.json::tasks[0]/*|punctuation                 FAIL      ok
  ownership                  n   08-plan.json::tasks[1]/*|punctuation                 FAIL      ok
  ownership                  n   08-plan.json::tasks/*|punctuation                    FAIL      ok
  ownership                  n   08-plan.json::tasks[0].id|punctuation                FAIL      ok
  ownership                  n   08-plan.json::tasks[0].role|punctuation              FAIL      ok
  ownership                  n   08-plan.json::tasks[0].owns[0]|punctuation           FAIL      ok
  ownership                  n   08-plan.json::tasks[1].id|punctuation                FAIL      ok
  ownership                  n   08-plan.json::tasks[1].role|punctuation              FAIL      ok
  ownership                  m   08-plan.json::*|nan                                  FAIL      ok
  ownership                  m   08-plan.json::tasks[0].owns/*|nan                    FAIL      ok
  ownership                  m   08-plan.json::tasks[0]/*|nan                         FAIL      ok
  ownership                  m   08-plan.json::tasks[1]/*|nan                         FAIL      ok
  ownership                  m   08-plan.json::tasks/*|nan                            FAIL      ok
  ownership                  m   08-plan.json::tasks[0].id|nan                        FAIL      ok
  ownership                  m   08-plan.json::tasks[0].role|nan                      FAIL      ok
  ownership                  m   08-plan.json::tasks[0].owns[0]|nan                   FAIL      ok
  ownership                  m   08-plan.json::tasks[1].id|nan                        FAIL      ok
  ownership                  m   08-plan.json::tasks[1].role|nan                      FAIL      ok
  ownership                  m   08-plan.json::*|infinity                             FAIL      ok
  ownership                  m   08-plan.json::tasks[0].owns/*|infinity               FAIL      ok
  ownership                  m   08-plan.json::tasks[0]/*|infinity                    FAIL      ok
  ownership                  m   08-plan.json::tasks[1]/*|infinity                    FAIL      ok
  ownership                  m   08-plan.json::tasks/*|infinity                       FAIL      ok
  ownership                  m   08-plan.json::tasks[0].id|infinity                   FAIL      ok
  ownership                  m   08-plan.json::tasks[0].role|infinity                 FAIL      ok
  ownership                  m   08-plan.json::tasks[0].owns[0]|infinity              FAIL      ok
  ownership                  m   08-plan.json::tasks[1].id|infinity                   FAIL      ok
  ownership                  m   08-plan.json::tasks[1].role|infinity                 FAIL      ok
  ownership                  h   08-plan.json::tasks[0].owns=[{}]                     FAIL      ok
  ownership                  j   08-plan.json::tasks[0].owns=[]                       FAIL      ok
  ownership                  h   08-plan.json::tasks=[{}]                             FAIL      ok
  ownership                  j   08-plan.json::tasks=[]                               NO-DATA   ok
  ownership                  i   08-plan.json::zero-bytes                             FAIL      ok
  ownership                  i   declared-reads::zero-bytes                           FAIL      ok
  ownership                  x   access::08-plan.json|chmod-000                       FAIL      ok
  ownership                  x   access::08-plan.json|broken-symlink                  FAIL      ok
  ownership                  x   access::08-plan.json|symlink-loop                    FAIL      ok
  ownership                  x   access::08-plan.json|fifo                            FAIL      ok
  ownership                  x   access::loop-beside-evidence                         PASS      ok
  ownership                  x   access::08-plan.json|parent-chmod-000                FAIL      ok
  ownership                  -> invocation accounting n/a: this tool runs every check unconditionally, so there is no fallback to fall into
  acceptance                 a   a-empty-directory                                    NO-DATA   ok
  acceptance                 b   b-declares-nothing                                   NO-DATA   ok
  acceptance                 c   c-json-is-a-list                                     FAIL      ok
  acceptance                 c   c-json-is-a-string                                   FAIL      ok
  acceptance                 c   c-json-is-a-number                                   FAIL      ok
  acceptance                 d   d-malformed-json                                     FAIL      ok
  acceptance                 full full                                                 PASS      ok
  acceptance                 n   08-plan.json::*|sql-comment-with-words               FAIL      ok
  acceptance                 n   08-plan.json::*|not-a-measurement                    FAIL      ok
  acceptance                 n   08-plan.json::*|number-in-a-text-field               FAIL      ok
  acceptance                 e   08-plan.json::*|empty-string                         FAIL      ok
  acceptance                 e   08-plan.json::tasks[0].acceptance/*|empty-string     FAIL      ok
  acceptance                 e   08-plan.json::tasks[0]/*|empty-string                FAIL      ok
  acceptance                 e   08-plan.json::tasks/*|empty-string                   FAIL      ok
  acceptance                 e   08-plan.json::tasks[0].id|empty-string               FAIL      ok
  acceptance                 e   08-plan.json::tasks[0].acceptance[0]|empty-string    FAIL      ok
  acceptance                 f   08-plan.json::*|whitespace                           FAIL      ok
  acceptance                 f   08-plan.json::tasks[0].acceptance/*|whitespace       FAIL      ok
  acceptance                 f   08-plan.json::tasks[0]/*|whitespace                  FAIL      ok
  acceptance                 f   08-plan.json::tasks/*|whitespace                     FAIL      ok
  acceptance                 f   08-plan.json::tasks[0].id|whitespace                 FAIL      ok
  acceptance                 f   08-plan.json::tasks[0].acceptance[0]|whitespace      FAIL      ok
  acceptance                 g   08-plan.json::*|null                                 FAIL      ok
  acceptance                 g   08-plan.json::tasks[0].acceptance/*|null             FAIL      ok
  acceptance                 g   08-plan.json::tasks[0]/*|null                        FAIL      ok
  acceptance                 g   08-plan.json::tasks/*|null                           FAIL      ok
  acceptance                 g   08-plan.json::tasks[0].id|null                       FAIL      ok
  acceptance                 g   08-plan.json::tasks[0].acceptance[0]|null            FAIL      ok
  acceptance                 v   08-plan.json::*|todo                                 FAIL      ok
  acceptance                 v   08-plan.json::tasks[0].acceptance/*|todo             FAIL      ok
  acceptance                 v   08-plan.json::tasks[0]/*|todo                        FAIL      ok
  acceptance                 v   08-plan.json::tasks/*|todo                           FAIL      ok
  acceptance                 v   08-plan.json::tasks[0].id|todo                       FAIL      ok
  acceptance                 v   08-plan.json::tasks[0].acceptance[0]|todo            FAIL      ok
  acceptance                 v   08-plan.json::*|n-a                                  FAIL      ok
  acceptance                 v   08-plan.json::tasks[0].acceptance/*|n-a              FAIL      ok
  acceptance                 v   08-plan.json::tasks[0]/*|n-a                         FAIL      ok
  acceptance                 v   08-plan.json::tasks/*|n-a                            FAIL      ok
  acceptance                 v   08-plan.json::tasks[0].id|n-a                        FAIL      ok
  acceptance                 v   08-plan.json::tasks[0].acceptance[0]|n-a             FAIL      ok
  acceptance                 v   08-plan.json::*|dash                                 FAIL      ok
  acceptance                 v   08-plan.json::tasks[0].acceptance/*|dash             FAIL      ok
  acceptance                 v   08-plan.json::tasks[0]/*|dash                        FAIL      ok
  acceptance                 v   08-plan.json::tasks/*|dash                           FAIL      ok
  acceptance                 v   08-plan.json::tasks[0].id|dash                       FAIL      ok
  acceptance                 v   08-plan.json::tasks[0].acceptance[0]|dash            FAIL      ok
  acceptance                 v   08-plan.json::*|copula-remnant                       FAIL      ok
  acceptance                 v   08-plan.json::tasks[0].acceptance/*|copula-remnant   FAIL      ok
  acceptance                 v   08-plan.json::tasks[0]/*|copula-remnant              FAIL      ok
  acceptance                 v   08-plan.json::tasks/*|copula-remnant                 FAIL      ok
  acceptance                 v   08-plan.json::tasks[0].id|copula-remnant             FAIL      ok
  acceptance                 v   08-plan.json::tasks[0].acceptance[0]|copula-remnant  FAIL      ok
  acceptance                 v   08-plan.json::*|todo-zero-width                      FAIL      ok
  acceptance                 v   08-plan.json::tasks[0].acceptance/*|todo-zero-width  FAIL      ok
  acceptance                 v   08-plan.json::tasks[0]/*|todo-zero-width             FAIL      ok
  acceptance                 v   08-plan.json::tasks/*|todo-zero-width                FAIL      ok
  acceptance                 v   08-plan.json::tasks[0].id|todo-zero-width            FAIL      ok
  acceptance                 v   08-plan.json::tasks[0].acceptance[0]|todo-zero-width FAIL      ok
  acceptance                 v   08-plan.json::*|todo-soft-hyphen                     FAIL      ok
  acceptance                 v   08-plan.json::tasks[0].acceptance/*|todo-soft-hyphen FAIL      ok
  acceptance                 v   08-plan.json::tasks[0]/*|todo-soft-hyphen            FAIL      ok
  acceptance                 v   08-plan.json::tasks/*|todo-soft-hyphen               FAIL      ok
  acceptance                 v   08-plan.json::tasks[0].id|todo-soft-hyphen           FAIL      ok
  acceptance                 v   08-plan.json::tasks[0].acceptance[0]|todo-soft-hyphe FAIL      ok
  acceptance                 v   08-plan.json::*|todo-fullwidth                       FAIL      ok
  acceptance                 v   08-plan.json::tasks[0].acceptance/*|todo-fullwidth   FAIL      ok
  acceptance                 v   08-plan.json::tasks[0]/*|todo-fullwidth              FAIL      ok
  acceptance                 v   08-plan.json::tasks/*|todo-fullwidth                 FAIL      ok
  acceptance                 v   08-plan.json::tasks[0].id|todo-fullwidth             FAIL      ok
  acceptance                 v   08-plan.json::tasks[0].acceptance[0]|todo-fullwidth  FAIL      ok
  acceptance                 v   08-plan.json::*|todo-small-caps                      FAIL      ok
  acceptance                 v   08-plan.json::tasks[0].acceptance/*|todo-small-caps  FAIL      ok
  acceptance                 v   08-plan.json::tasks[0]/*|todo-small-caps             FAIL      ok
  acceptance                 v   08-plan.json::tasks/*|todo-small-caps                FAIL      ok
  acceptance                 v   08-plan.json::tasks[0].id|todo-small-caps            FAIL      ok
  acceptance                 v   08-plan.json::tasks[0].acceptance[0]|todo-small-caps FAIL      ok
  acceptance                 v   08-plan.json::*|tbd-small-caps                       FAIL      ok
  acceptance                 v   08-plan.json::tasks[0].acceptance/*|tbd-small-caps   FAIL      ok
  acceptance                 v   08-plan.json::tasks[0]/*|tbd-small-caps              FAIL      ok
  acceptance                 v   08-plan.json::tasks/*|tbd-small-caps                 FAIL      ok
  acceptance                 v   08-plan.json::tasks[0].id|tbd-small-caps             FAIL      ok
  acceptance                 v   08-plan.json::tasks[0].acceptance[0]|tbd-small-caps  FAIL      ok
  acceptance                 v   08-plan.json::*|bracketed-tbd                        FAIL      ok
  acceptance                 v   08-plan.json::tasks[0].acceptance/*|bracketed-tbd    FAIL      ok
  acceptance                 v   08-plan.json::tasks[0]/*|bracketed-tbd               FAIL      ok
  acceptance                 v   08-plan.json::tasks/*|bracketed-tbd                  FAIL      ok
  acceptance                 v   08-plan.json::tasks[0].id|bracketed-tbd              FAIL      ok
  acceptance                 v   08-plan.json::tasks[0].acceptance[0]|bracketed-tbd   FAIL      ok
  acceptance                 n   08-plan.json::*|hash-comment                         FAIL      ok
  acceptance                 n   08-plan.json::tasks[0].acceptance/*|hash-comment     FAIL      ok
  acceptance                 n   08-plan.json::tasks[0]/*|hash-comment                FAIL      ok
  acceptance                 n   08-plan.json::tasks/*|hash-comment                   FAIL      ok
  acceptance                 n   08-plan.json::tasks[0].id|hash-comment               FAIL      ok
  acceptance                 n   08-plan.json::tasks[0].acceptance[0]|hash-comment    FAIL      ok
  acceptance                 n   08-plan.json::*|block-comment                        FAIL      ok
  acceptance                 n   08-plan.json::tasks[0].acceptance/*|block-comment    FAIL      ok
  acceptance                 n   08-plan.json::tasks[0]/*|block-comment               FAIL      ok
  acceptance                 n   08-plan.json::tasks/*|block-comment                  FAIL      ok
  acceptance                 n   08-plan.json::tasks[0].id|block-comment              FAIL      ok
  acceptance                 n   08-plan.json::tasks[0].acceptance[0]|block-comment   FAIL      ok
  acceptance                 n   08-plan.json::*|punctuation                          FAIL      ok
  acceptance                 n   08-plan.json::tasks[0].acceptance/*|punctuation      FAIL      ok
  acceptance                 n   08-plan.json::tasks[0]/*|punctuation                 FAIL      ok
  acceptance                 n   08-plan.json::tasks/*|punctuation                    FAIL      ok
  acceptance                 n   08-plan.json::tasks[0].id|punctuation                FAIL      ok
  acceptance                 n   08-plan.json::tasks[0].acceptance[0]|punctuation     FAIL      ok
  acceptance                 m   08-plan.json::*|nan                                  FAIL      ok
  acceptance                 m   08-plan.json::tasks[0].acceptance/*|nan              FAIL      ok
  acceptance                 m   08-plan.json::tasks[0]/*|nan                         FAIL      ok
  acceptance                 m   08-plan.json::tasks/*|nan                            FAIL      ok
  acceptance                 m   08-plan.json::tasks[0].id|nan                        FAIL      ok
  acceptance                 m   08-plan.json::tasks[0].acceptance[0]|nan             FAIL      ok
  acceptance                 m   08-plan.json::*|infinity                             FAIL      ok
  acceptance                 m   08-plan.json::tasks[0].acceptance/*|infinity         FAIL      ok
  acceptance                 m   08-plan.json::tasks[0]/*|infinity                    FAIL      ok
  acceptance                 m   08-plan.json::tasks/*|infinity                       FAIL      ok
  acceptance                 m   08-plan.json::tasks[0].id|infinity                   FAIL      ok
  acceptance                 m   08-plan.json::tasks[0].acceptance[0]|infinity        FAIL      ok
  acceptance                 h   08-plan.json::tasks[0].acceptance=[{}]               FAIL      ok
  acceptance                 j   08-plan.json::tasks[0].acceptance=[]                 FAIL      ok
  acceptance                 h   08-plan.json::tasks=[{}]                             FAIL      ok
  acceptance                 j   08-plan.json::tasks=[]                               NO-DATA   ok
  acceptance                 i   08-plan.json::zero-bytes                             FAIL      ok
  acceptance                 i   declared-reads::zero-bytes                           FAIL      ok
  acceptance                 x   access::08-plan.json|chmod-000                       FAIL      ok
  acceptance                 x   access::08-plan.json|broken-symlink                  FAIL      ok
  acceptance                 x   access::08-plan.json|symlink-loop                    FAIL      ok
  acceptance                 x   access::08-plan.json|fifo                            FAIL      ok
  acceptance                 x   access::loop-beside-evidence                         PASS      ok
  acceptance                 x   access::08-plan.json|parent-chmod-000                FAIL      ok
  acceptance                 -> invocation accounting n/a: this tool runs every check unconditionally, so there is no fallback to fall into
  graph                      a   a-empty-directory                                    NO-DATA   ok
  graph                      b   b-declares-nothing                                   NO-DATA   ok
  graph                      c   c-json-is-a-list                                     FAIL      ok
  graph                      c   c-json-is-a-string                                   FAIL      ok
  graph                      c   c-json-is-a-number                                   FAIL      ok
  graph                      d   d-malformed-json                                     FAIL      ok
  graph                      full full                                                 PASS      ok
  graph                      n   08-plan.json::*|sql-comment-with-words               FAIL      ok
  graph                      n   08-plan.json::*|not-a-measurement                    FAIL      ok
  graph                      n   08-plan.json::*|number-in-a-text-field               FAIL      ok
  graph                      e   08-plan.json::*|empty-string                         FAIL      ok
  graph                      e   08-plan.json::tasks[0]/*|empty-string                FAIL      ok
  graph                      e   08-plan.json::tasks[1].dependsOn/*|empty-string      FAIL      ok
  graph                      e   08-plan.json::tasks[1]/*|empty-string                FAIL      ok
  graph                      e   08-plan.json::tasks/*|empty-string                   FAIL      ok
  graph                      e   08-plan.json::tasks[0].id|empty-string               FAIL      ok
  graph                      e   08-plan.json::tasks[1].id|empty-string               FAIL      ok
  graph                      e   08-plan.json::tasks[1].dependsOn[0]|empty-string     FAIL      ok
  graph                      f   08-plan.json::*|whitespace                           FAIL      ok
  graph                      f   08-plan.json::tasks[0]/*|whitespace                  FAIL      ok
  graph                      f   08-plan.json::tasks[1].dependsOn/*|whitespace        FAIL      ok
  graph                      f   08-plan.json::tasks[1]/*|whitespace                  FAIL      ok
  graph                      f   08-plan.json::tasks/*|whitespace                     FAIL      ok
  graph                      f   08-plan.json::tasks[0].id|whitespace                 FAIL      ok
  graph                      f   08-plan.json::tasks[1].id|whitespace                 FAIL      ok
  graph                      f   08-plan.json::tasks[1].dependsOn[0]|whitespace       FAIL      ok
  graph                      g   08-plan.json::*|null                                 FAIL      ok
  graph                      g   08-plan.json::tasks[0]/*|null                        FAIL      ok
  graph                      g   08-plan.json::tasks[1].dependsOn/*|null              FAIL      ok
  graph                      g   08-plan.json::tasks[1]/*|null                        FAIL      ok
  graph                      g   08-plan.json::tasks/*|null                           FAIL      ok
  graph                      g   08-plan.json::tasks[0].id|null                       FAIL      ok
  graph                      g   08-plan.json::tasks[1].id|null                       FAIL      ok
  graph                      g   08-plan.json::tasks[1].dependsOn[0]|null             FAIL      ok
  graph                      v   08-plan.json::*|todo                                 FAIL      ok
  graph                      v   08-plan.json::tasks[0]/*|todo                        FAIL      ok
  graph                      v   08-plan.json::tasks[1].dependsOn/*|todo              FAIL      ok
  graph                      v   08-plan.json::tasks[1]/*|todo                        FAIL      ok
  graph                      v   08-plan.json::tasks/*|todo                           FAIL      ok
  graph                      v   08-plan.json::tasks[0].id|todo                       FAIL      ok
  graph                      v   08-plan.json::tasks[1].id|todo                       FAIL      ok
  graph                      v   08-plan.json::tasks[1].dependsOn[0]|todo             FAIL      ok
  graph                      v   08-plan.json::*|n-a                                  FAIL      ok
  graph                      v   08-plan.json::tasks[0]/*|n-a                         FAIL      ok
  graph                      v   08-plan.json::tasks[1].dependsOn/*|n-a               FAIL      ok
  graph                      v   08-plan.json::tasks[1]/*|n-a                         FAIL      ok
  graph                      v   08-plan.json::tasks/*|n-a                            FAIL      ok
  graph                      v   08-plan.json::tasks[0].id|n-a                        FAIL      ok
  graph                      v   08-plan.json::tasks[1].id|n-a                        FAIL      ok
  graph                      v   08-plan.json::tasks[1].dependsOn[0]|n-a              FAIL      ok
  graph                      v   08-plan.json::*|dash                                 FAIL      ok
  graph                      v   08-plan.json::tasks[0]/*|dash                        FAIL      ok
  graph                      v   08-plan.json::tasks[1].dependsOn/*|dash              FAIL      ok
  graph                      v   08-plan.json::tasks[1]/*|dash                        FAIL      ok
  graph                      v   08-plan.json::tasks/*|dash                           FAIL      ok
  graph                      v   08-plan.json::tasks[0].id|dash                       FAIL      ok
  graph                      v   08-plan.json::tasks[1].id|dash                       FAIL      ok
  graph                      v   08-plan.json::tasks[1].dependsOn[0]|dash             FAIL      ok
  graph                      v   08-plan.json::*|copula-remnant                       FAIL      ok
  graph                      v   08-plan.json::tasks[0]/*|copula-remnant              FAIL      ok
  graph                      v   08-plan.json::tasks[1].dependsOn/*|copula-remnant    FAIL      ok
  graph                      v   08-plan.json::tasks[1]/*|copula-remnant              FAIL      ok
  graph                      v   08-plan.json::tasks/*|copula-remnant                 FAIL      ok
  graph                      v   08-plan.json::tasks[0].id|copula-remnant             FAIL      ok
  graph                      v   08-plan.json::tasks[1].id|copula-remnant             FAIL      ok
  graph                      v   08-plan.json::tasks[1].dependsOn[0]|copula-remnant   FAIL      ok
  graph                      v   08-plan.json::*|todo-zero-width                      FAIL      ok
  graph                      v   08-plan.json::tasks[0]/*|todo-zero-width             FAIL      ok
  graph                      v   08-plan.json::tasks[1].dependsOn/*|todo-zero-width   FAIL      ok
  graph                      v   08-plan.json::tasks[1]/*|todo-zero-width             FAIL      ok
  graph                      v   08-plan.json::tasks/*|todo-zero-width                FAIL      ok
  graph                      v   08-plan.json::tasks[0].id|todo-zero-width            FAIL      ok
  graph                      v   08-plan.json::tasks[1].id|todo-zero-width            FAIL      ok
  graph                      v   08-plan.json::tasks[1].dependsOn[0]|todo-zero-width  FAIL      ok
  graph                      v   08-plan.json::*|todo-soft-hyphen                     FAIL      ok
  graph                      v   08-plan.json::tasks[0]/*|todo-soft-hyphen            FAIL      ok
  graph                      v   08-plan.json::tasks[1].dependsOn/*|todo-soft-hyphen  FAIL      ok
  graph                      v   08-plan.json::tasks[1]/*|todo-soft-hyphen            FAIL      ok
  graph                      v   08-plan.json::tasks/*|todo-soft-hyphen               FAIL      ok
  graph                      v   08-plan.json::tasks[0].id|todo-soft-hyphen           FAIL      ok
  graph                      v   08-plan.json::tasks[1].id|todo-soft-hyphen           FAIL      ok
  graph                      v   08-plan.json::tasks[1].dependsOn[0]|todo-soft-hyphen FAIL      ok
  graph                      v   08-plan.json::*|todo-fullwidth                       FAIL      ok
  graph                      v   08-plan.json::tasks[0]/*|todo-fullwidth              FAIL      ok
  graph                      v   08-plan.json::tasks[1].dependsOn/*|todo-fullwidth    FAIL      ok
  graph                      v   08-plan.json::tasks[1]/*|todo-fullwidth              FAIL      ok
  graph                      v   08-plan.json::tasks/*|todo-fullwidth                 FAIL      ok
  graph                      v   08-plan.json::tasks[0].id|todo-fullwidth             FAIL      ok
  graph                      v   08-plan.json::tasks[1].id|todo-fullwidth             FAIL      ok
  graph                      v   08-plan.json::tasks[1].dependsOn[0]|todo-fullwidth   FAIL      ok
  graph                      v   08-plan.json::*|todo-small-caps                      FAIL      ok
  graph                      v   08-plan.json::tasks[0]/*|todo-small-caps             FAIL      ok
  graph                      v   08-plan.json::tasks[1].dependsOn/*|todo-small-caps   FAIL      ok
  graph                      v   08-plan.json::tasks[1]/*|todo-small-caps             FAIL      ok
  graph                      v   08-plan.json::tasks/*|todo-small-caps                FAIL      ok
  graph                      v   08-plan.json::tasks[0].id|todo-small-caps            FAIL      ok
  graph                      v   08-plan.json::tasks[1].id|todo-small-caps            FAIL      ok
  graph                      v   08-plan.json::tasks[1].dependsOn[0]|todo-small-caps  FAIL      ok
  graph                      v   08-plan.json::*|tbd-small-caps                       FAIL      ok
  graph                      v   08-plan.json::tasks[0]/*|tbd-small-caps              FAIL      ok
  graph                      v   08-plan.json::tasks[1].dependsOn/*|tbd-small-caps    FAIL      ok
  graph                      v   08-plan.json::tasks[1]/*|tbd-small-caps              FAIL      ok
  graph                      v   08-plan.json::tasks/*|tbd-small-caps                 FAIL      ok
  graph                      v   08-plan.json::tasks[0].id|tbd-small-caps             FAIL      ok
  graph                      v   08-plan.json::tasks[1].id|tbd-small-caps             FAIL      ok
  graph                      v   08-plan.json::tasks[1].dependsOn[0]|tbd-small-caps   FAIL      ok
  graph                      v   08-plan.json::*|bracketed-tbd                        FAIL      ok
  graph                      v   08-plan.json::tasks[0]/*|bracketed-tbd               FAIL      ok
  graph                      v   08-plan.json::tasks[1].dependsOn/*|bracketed-tbd     FAIL      ok
  graph                      v   08-plan.json::tasks[1]/*|bracketed-tbd               FAIL      ok
  graph                      v   08-plan.json::tasks/*|bracketed-tbd                  FAIL      ok
  graph                      v   08-plan.json::tasks[0].id|bracketed-tbd              FAIL      ok
  graph                      v   08-plan.json::tasks[1].id|bracketed-tbd              FAIL      ok
  graph                      v   08-plan.json::tasks[1].dependsOn[0]|bracketed-tbd    FAIL      ok
  graph                      n   08-plan.json::*|hash-comment                         FAIL      ok
  graph                      n   08-plan.json::tasks[0]/*|hash-comment                FAIL      ok
  graph                      n   08-plan.json::tasks[1].dependsOn/*|hash-comment      FAIL      ok
  graph                      n   08-plan.json::tasks[1]/*|hash-comment                FAIL      ok
  graph                      n   08-plan.json::tasks/*|hash-comment                   FAIL      ok
  graph                      n   08-plan.json::tasks[0].id|hash-comment               FAIL      ok
  graph                      n   08-plan.json::tasks[1].id|hash-comment               FAIL      ok
  graph                      n   08-plan.json::tasks[1].dependsOn[0]|hash-comment     FAIL      ok
  graph                      n   08-plan.json::*|block-comment                        FAIL      ok
  graph                      n   08-plan.json::tasks[0]/*|block-comment               FAIL      ok
  graph                      n   08-plan.json::tasks[1].dependsOn/*|block-comment     FAIL      ok
  graph                      n   08-plan.json::tasks[1]/*|block-comment               FAIL      ok
  graph                      n   08-plan.json::tasks/*|block-comment                  FAIL      ok
  graph                      n   08-plan.json::tasks[0].id|block-comment              FAIL      ok
  graph                      n   08-plan.json::tasks[1].id|block-comment              FAIL      ok
  graph                      n   08-plan.json::tasks[1].dependsOn[0]|block-comment    FAIL      ok
  graph                      n   08-plan.json::*|punctuation                          FAIL      ok
  graph                      n   08-plan.json::tasks[0]/*|punctuation                 FAIL      ok
  graph                      n   08-plan.json::tasks[1].dependsOn/*|punctuation       FAIL      ok
  graph                      n   08-plan.json::tasks[1]/*|punctuation                 FAIL      ok
  graph                      n   08-plan.json::tasks/*|punctuation                    FAIL      ok
  graph                      n   08-plan.json::tasks[0].id|punctuation                FAIL      ok
  graph                      n   08-plan.json::tasks[1].id|punctuation                FAIL      ok
  graph                      n   08-plan.json::tasks[1].dependsOn[0]|punctuation      FAIL      ok
  graph                      m   08-plan.json::*|nan                                  FAIL      ok
  graph                      m   08-plan.json::tasks[0]/*|nan                         FAIL      ok
  graph                      m   08-plan.json::tasks[1].dependsOn/*|nan               FAIL      ok
  graph                      m   08-plan.json::tasks[1]/*|nan                         FAIL      ok
  graph                      m   08-plan.json::tasks/*|nan                            FAIL      ok
  graph                      m   08-plan.json::tasks[0].id|nan                        FAIL      ok
  graph                      m   08-plan.json::tasks[1].id|nan                        FAIL      ok
  graph                      m   08-plan.json::tasks[1].dependsOn[0]|nan              FAIL      ok
  graph                      m   08-plan.json::*|infinity                             FAIL      ok
  graph                      m   08-plan.json::tasks[0]/*|infinity                    FAIL      ok
  graph                      m   08-plan.json::tasks[1].dependsOn/*|infinity          FAIL      ok
  graph                      m   08-plan.json::tasks[1]/*|infinity                    FAIL      ok
  graph                      m   08-plan.json::tasks/*|infinity                       FAIL      ok
  graph                      m   08-plan.json::tasks[0].id|infinity                   FAIL      ok
  graph                      m   08-plan.json::tasks[1].id|infinity                   FAIL      ok
  graph                      m   08-plan.json::tasks[1].dependsOn[0]|infinity         FAIL      ok
  graph                      h   08-plan.json::tasks[1].dependsOn=[{}]                FAIL      ok
  graph                      j   08-plan.json::tasks[1].dependsOn=[]                  NO-DATA   ok
  graph                      h   08-plan.json::tasks=[{}]                             FAIL      ok
  graph                      j   08-plan.json::tasks=[]                               NO-DATA   ok
  graph                      i   08-plan.json::zero-bytes                             FAIL      ok
  graph                      i   declared-reads::zero-bytes                           FAIL      ok
  graph                      x   access::08-plan.json|chmod-000                       FAIL      ok
  graph                      x   access::08-plan.json|broken-symlink                  FAIL      ok
  graph                      x   access::08-plan.json|symlink-loop                    FAIL      ok
  graph                      x   access::08-plan.json|fifo                            FAIL      ok
  graph                      x   access::loop-beside-evidence                         PASS      ok
  graph                      x   access::08-plan.json|parent-chmod-000                FAIL      ok
  graph                      -> invocation accounting n/a: this tool runs every check unconditionally, so there is no fallback to fall into
  compatibility              a   a-empty-directory                                    NO-DATA   ok
  compatibility              b   b-declares-nothing                                   NO-DATA   ok
  compatibility              c   c-json-is-a-list                                     FAIL      ok
  compatibility              c   c-json-is-a-string                                   FAIL      ok
  compatibility              c   c-json-is-a-number                                   FAIL      ok
  compatibility              d   d-malformed-json                                     FAIL      ok
  compatibility              full full                                                 PASS      ok
  compatibility              n   08-plan.json::*|sql-comment-with-words               FAIL      ok
  compatibility              n   08-plan.json::*|not-a-measurement                    FAIL      ok
  compatibility              n   08-plan.json::*|number-in-a-text-field               FAIL      ok
  compatibility              e   08-plan.json::*|empty-string                         FAIL      ok
  compatibility              e   08-plan.json::tasks[0]/*|empty-string                FAIL      ok
  compatibility              e   08-plan.json::tasks/*|empty-string                   FAIL      ok
  compatibility              e   08-plan.json::tasks[0].id|empty-string               FAIL      ok
  compatibility              e   08-plan.json::tasks[0].title|empty-string            FAIL      ok
  compatibility              f   08-plan.json::*|whitespace                           FAIL      ok
  compatibility              f   08-plan.json::tasks[0]/*|whitespace                  FAIL      ok
  compatibility              f   08-plan.json::tasks/*|whitespace                     FAIL      ok
  compatibility              f   08-plan.json::tasks[0].id|whitespace                 FAIL      ok
  compatibility              f   08-plan.json::tasks[0].title|whitespace              FAIL      ok
  compatibility              g   08-plan.json::*|null                                 FAIL      ok
  compatibility              g   08-plan.json::tasks[0]/*|null                        FAIL      ok
  compatibility              g   08-plan.json::tasks/*|null                           FAIL      ok
  compatibility              g   08-plan.json::tasks[0].id|null                       FAIL      ok
  compatibility              g   08-plan.json::tasks[0].title|null                    FAIL      ok
  compatibility              v   08-plan.json::*|todo                                 FAIL      ok
  compatibility              v   08-plan.json::tasks[0]/*|todo                        FAIL      ok
  compatibility              v   08-plan.json::tasks/*|todo                           FAIL      ok
  compatibility              v   08-plan.json::tasks[0].id|todo                       FAIL      ok
  compatibility              v   08-plan.json::tasks[0].title|todo                    FAIL      ok
  compatibility              v   08-plan.json::*|n-a                                  FAIL      ok
  compatibility              v   08-plan.json::tasks[0]/*|n-a                         FAIL      ok
  compatibility              v   08-plan.json::tasks/*|n-a                            FAIL      ok
  compatibility              v   08-plan.json::tasks[0].id|n-a                        FAIL      ok
  compatibility              v   08-plan.json::tasks[0].title|n-a                     FAIL      ok
  compatibility              v   08-plan.json::*|dash                                 FAIL      ok
  compatibility              v   08-plan.json::tasks[0]/*|dash                        FAIL      ok
  compatibility              v   08-plan.json::tasks/*|dash                           FAIL      ok
  compatibility              v   08-plan.json::tasks[0].id|dash                       FAIL      ok
  compatibility              v   08-plan.json::tasks[0].title|dash                    FAIL      ok
  compatibility              v   08-plan.json::*|copula-remnant                       FAIL      ok
  compatibility              v   08-plan.json::tasks[0]/*|copula-remnant              FAIL      ok
  compatibility              v   08-plan.json::tasks/*|copula-remnant                 FAIL      ok
  compatibility              v   08-plan.json::tasks[0].id|copula-remnant             FAIL      ok
  compatibility              v   08-plan.json::tasks[0].title|copula-remnant          FAIL      ok
  compatibility              v   08-plan.json::*|todo-zero-width                      FAIL      ok
  compatibility              v   08-plan.json::tasks[0]/*|todo-zero-width             FAIL      ok
  compatibility              v   08-plan.json::tasks/*|todo-zero-width                FAIL      ok
  compatibility              v   08-plan.json::tasks[0].id|todo-zero-width            FAIL      ok
  compatibility              v   08-plan.json::tasks[0].title|todo-zero-width         FAIL      ok
  compatibility              v   08-plan.json::*|todo-soft-hyphen                     FAIL      ok
  compatibility              v   08-plan.json::tasks[0]/*|todo-soft-hyphen            FAIL      ok
  compatibility              v   08-plan.json::tasks/*|todo-soft-hyphen               FAIL      ok
  compatibility              v   08-plan.json::tasks[0].id|todo-soft-hyphen           FAIL      ok
  compatibility              v   08-plan.json::tasks[0].title|todo-soft-hyphen        FAIL      ok
  compatibility              v   08-plan.json::*|todo-fullwidth                       FAIL      ok
  compatibility              v   08-plan.json::tasks[0]/*|todo-fullwidth              FAIL      ok
  compatibility              v   08-plan.json::tasks/*|todo-fullwidth                 FAIL      ok
  compatibility              v   08-plan.json::tasks[0].id|todo-fullwidth             FAIL      ok
  compatibility              v   08-plan.json::tasks[0].title|todo-fullwidth          FAIL      ok
  compatibility              v   08-plan.json::*|todo-small-caps                      FAIL      ok
  compatibility              v   08-plan.json::tasks[0]/*|todo-small-caps             FAIL      ok
  compatibility              v   08-plan.json::tasks/*|todo-small-caps                FAIL      ok
  compatibility              v   08-plan.json::tasks[0].id|todo-small-caps            FAIL      ok
  compatibility              v   08-plan.json::tasks[0].title|todo-small-caps         FAIL      ok
  compatibility              v   08-plan.json::*|tbd-small-caps                       FAIL      ok
  compatibility              v   08-plan.json::tasks[0]/*|tbd-small-caps              FAIL      ok
  compatibility              v   08-plan.json::tasks/*|tbd-small-caps                 FAIL      ok
  compatibility              v   08-plan.json::tasks[0].id|tbd-small-caps             FAIL      ok
  compatibility              v   08-plan.json::tasks[0].title|tbd-small-caps          FAIL      ok
  compatibility              v   08-plan.json::*|bracketed-tbd                        FAIL      ok
  compatibility              v   08-plan.json::tasks[0]/*|bracketed-tbd               FAIL      ok
  compatibility              v   08-plan.json::tasks/*|bracketed-tbd                  FAIL      ok
  compatibility              v   08-plan.json::tasks[0].id|bracketed-tbd              FAIL      ok
  compatibility              v   08-plan.json::tasks[0].title|bracketed-tbd           FAIL      ok
  compatibility              n   08-plan.json::*|hash-comment                         FAIL      ok
  compatibility              n   08-plan.json::tasks[0]/*|hash-comment                FAIL      ok
  compatibility              n   08-plan.json::tasks/*|hash-comment                   FAIL      ok
  compatibility              n   08-plan.json::tasks[0].id|hash-comment               FAIL      ok
  compatibility              n   08-plan.json::tasks[0].title|hash-comment            FAIL      ok
  compatibility              n   08-plan.json::*|block-comment                        FAIL      ok
  compatibility              n   08-plan.json::tasks[0]/*|block-comment               FAIL      ok
  compatibility              n   08-plan.json::tasks/*|block-comment                  FAIL      ok
  compatibility              n   08-plan.json::tasks[0].id|block-comment              FAIL      ok
  compatibility              n   08-plan.json::tasks[0].title|block-comment           FAIL      ok
  compatibility              n   08-plan.json::*|punctuation                          FAIL      ok
  compatibility              n   08-plan.json::tasks[0]/*|punctuation                 FAIL      ok
  compatibility              n   08-plan.json::tasks/*|punctuation                    FAIL      ok
  compatibility              n   08-plan.json::tasks[0].id|punctuation                FAIL      ok
  compatibility              n   08-plan.json::tasks[0].title|punctuation             FAIL      ok
  compatibility              m   08-plan.json::*|nan                                  FAIL      ok
  compatibility              m   08-plan.json::tasks[0]/*|nan                         FAIL      ok
  compatibility              m   08-plan.json::tasks/*|nan                            FAIL      ok
  compatibility              m   08-plan.json::tasks[0].id|nan                        FAIL      ok
  compatibility              m   08-plan.json::tasks[0].title|nan                     FAIL      ok
  compatibility              m   08-plan.json::*|infinity                             FAIL      ok
  compatibility              m   08-plan.json::tasks[0]/*|infinity                    FAIL      ok
  compatibility              m   08-plan.json::tasks/*|infinity                       FAIL      ok
  compatibility              m   08-plan.json::tasks[0].id|infinity                   FAIL      ok
  compatibility              m   08-plan.json::tasks[0].title|infinity                FAIL      ok
  compatibility              h   08-plan.json::tasks=[{}]                             FAIL      ok
  compatibility              j   08-plan.json::tasks=[]                               FAIL      ok
  compatibility              i   08-plan.json::zero-bytes                             FAIL      ok
  compatibility              n   00-intake.json::*|sql-comment-with-words             NO-DATA   ok
  compatibility              n   00-intake.json::*|not-a-measurement                  NO-DATA   ok
  compatibility              n   00-intake.json::*|number-in-a-text-field             NO-DATA   ok
  compatibility              e   00-intake.json::*|empty-string                       NO-DATA   ok
  compatibility              e   00-intake.json::answers/*|empty-string               NO-DATA   ok
  compatibility              e   00-intake.json::answers.changes_contract|empty-strin NO-DATA   ok
  compatibility              f   00-intake.json::*|whitespace                         NO-DATA   ok
  compatibility              f   00-intake.json::answers/*|whitespace                 NO-DATA   ok
  compatibility              f   00-intake.json::answers.changes_contract|whitespace  NO-DATA   ok
  compatibility              g   00-intake.json::*|null                               NO-DATA   ok
  compatibility              g   00-intake.json::answers/*|null                       NO-DATA   ok
  compatibility              g   00-intake.json::answers.changes_contract|null        NO-DATA   ok
  compatibility              v   00-intake.json::*|todo                               NO-DATA   ok
  compatibility              v   00-intake.json::answers/*|todo                       NO-DATA   ok
  compatibility              v   00-intake.json::answers.changes_contract|todo        NO-DATA   ok
  compatibility              v   00-intake.json::*|n-a                                NO-DATA   ok
  compatibility              v   00-intake.json::answers/*|n-a                        NO-DATA   ok
  compatibility              v   00-intake.json::answers.changes_contract|n-a         NO-DATA   ok
  compatibility              v   00-intake.json::*|dash                               NO-DATA   ok
  compatibility              v   00-intake.json::answers/*|dash                       NO-DATA   ok
  compatibility              v   00-intake.json::answers.changes_contract|dash        NO-DATA   ok
  compatibility              v   00-intake.json::*|copula-remnant                     NO-DATA   ok
  compatibility              v   00-intake.json::answers/*|copula-remnant             NO-DATA   ok
  compatibility              v   00-intake.json::answers.changes_contract|copula-remn NO-DATA   ok
  compatibility              v   00-intake.json::*|todo-zero-width                    NO-DATA   ok
  compatibility              v   00-intake.json::answers/*|todo-zero-width            NO-DATA   ok
  compatibility              v   00-intake.json::answers.changes_contract|todo-zero-w NO-DATA   ok
  compatibility              v   00-intake.json::*|todo-soft-hyphen                   NO-DATA   ok
  compatibility              v   00-intake.json::answers/*|todo-soft-hyphen           NO-DATA   ok
  compatibility              v   00-intake.json::answers.changes_contract|todo-soft-h NO-DATA   ok
  compatibility              v   00-intake.json::*|todo-fullwidth                     NO-DATA   ok
  compatibility              v   00-intake.json::answers/*|todo-fullwidth             NO-DATA   ok
  compatibility              v   00-intake.json::answers.changes_contract|todo-fullwi NO-DATA   ok
  compatibility              v   00-intake.json::*|todo-small-caps                    NO-DATA   ok
  compatibility              v   00-intake.json::answers/*|todo-small-caps            NO-DATA   ok
  compatibility              v   00-intake.json::answers.changes_contract|todo-small- NO-DATA   ok
  compatibility              v   00-intake.json::*|tbd-small-caps                     NO-DATA   ok
  compatibility              v   00-intake.json::answers/*|tbd-small-caps             NO-DATA   ok
  compatibility              v   00-intake.json::answers.changes_contract|tbd-small-c NO-DATA   ok
  compatibility              v   00-intake.json::*|bracketed-tbd                      NO-DATA   ok
  compatibility              v   00-intake.json::answers/*|bracketed-tbd              NO-DATA   ok
  compatibility              v   00-intake.json::answers.changes_contract|bracketed-t NO-DATA   ok
  compatibility              n   00-intake.json::*|hash-comment                       NO-DATA   ok
  compatibility              n   00-intake.json::answers/*|hash-comment               NO-DATA   ok
  compatibility              n   00-intake.json::answers.changes_contract|hash-commen NO-DATA   ok
  compatibility              n   00-intake.json::*|block-comment                      NO-DATA   ok
  compatibility              n   00-intake.json::answers/*|block-comment              NO-DATA   ok
  compatibility              n   00-intake.json::answers.changes_contract|block-comme NO-DATA   ok
  compatibility              n   00-intake.json::*|punctuation                        NO-DATA   ok
  compatibility              n   00-intake.json::answers/*|punctuation                NO-DATA   ok
  compatibility              n   00-intake.json::answers.changes_contract|punctuation NO-DATA   ok
  compatibility              m   00-intake.json::*|nan                                NO-DATA   ok
  compatibility              m   00-intake.json::answers/*|nan                        NO-DATA   ok
  compatibility              m   00-intake.json::answers.changes_contract|nan         NO-DATA   ok
  compatibility              m   00-intake.json::*|infinity                           NO-DATA   ok
  compatibility              m   00-intake.json::answers/*|infinity                   NO-DATA   ok
  compatibility              m   00-intake.json::answers.changes_contract|infinity    NO-DATA   ok
  compatibility              i   00-intake.json::zero-bytes                           FAIL      ok
  compatibility              i   declared-reads::zero-bytes                           FAIL      ok
  compatibility              x   access::08-plan.json|chmod-000                       FAIL      ok
  compatibility              x   access::08-plan.json|broken-symlink                  FAIL      ok
  compatibility              x   access::08-plan.json|symlink-loop                    FAIL      ok
  compatibility              x   access::08-plan.json|fifo                            FAIL      ok
  compatibility              x   access::loop-beside-evidence                         PASS      ok
  compatibility              x   access::08-plan.json|parent-chmod-000                FAIL      ok
  compatibility              -> invocation accounting n/a: this tool runs every check unconditionally, so there is no fallback to fall into
  migration                  a   a-empty-directory                                    NO-DATA   ok
  migration                  b   b-declares-nothing                                   NO-DATA   ok
  migration                  c   c-json-is-a-list                                     FAIL      ok
  migration                  c   c-json-is-a-string                                   FAIL      ok
  migration                  c   c-json-is-a-number                                   FAIL      ok
  migration                  d   d-malformed-json                                     FAIL      ok
  migration                  full full                                                 PASS      ok
  migration                  n   08-plan.json::*|sql-comment-with-words               FAIL      ok
  migration                  n   08-plan.json::*|not-a-measurement                    FAIL      ok
  migration                  n   08-plan.json::*|number-in-a-text-field               FAIL      ok
  migration                  e   08-plan.json::*|empty-string                         FAIL      ok
  migration                  e   08-plan.json::tasks[0].owns/*|empty-string           FAIL      ok
  migration                  e   08-plan.json::tasks[0]/*|empty-string                FAIL      ok
  migration                  e   08-plan.json::tasks[1].dependsOn/*|empty-string      FAIL      ok
  migration                  e   08-plan.json::tasks[1].acceptance/*|empty-string     FAIL      ok
  migration                  e   08-plan.json::tasks[1]/*|empty-string                FAIL      ok
  migration                  e   08-plan.json::tasks[2].dependsOn/*|empty-string      FAIL      ok
  migration                  e   08-plan.json::tasks[2].acceptance/*|empty-string     FAIL      ok
  migration                  e   08-plan.json::tasks[2]/*|empty-string                FAIL      ok
  migration                  e   08-plan.json::tasks/*|empty-string                   FAIL      ok
  migration                  e   08-plan.json::tasks[0].id|empty-string               FAIL      ok
  migration                  e   08-plan.json::tasks[0].role|empty-string             FAIL      ok
  migration                  e   08-plan.json::tasks[0].owns[0]|empty-string          FAIL      ok
  migration                  e   08-plan.json::tasks[1].id|empty-string               FAIL      ok
  migration                  e   08-plan.json::tasks[1].role|empty-string             FAIL      ok
  migration                  e   08-plan.json::tasks[1].dependsOn[0]|empty-string     FAIL      ok
  migration                  e   08-plan.json::tasks[1].acceptance[0]|empty-string    FAIL      ok
  migration                  e   08-plan.json::tasks[2].id|empty-string               FAIL      ok
  migration                  e   08-plan.json::tasks[2].role|empty-string             FAIL      ok
  migration                  e   08-plan.json::tasks[2].dependsOn[0]|empty-string     FAIL      ok
  migration                  e   08-plan.json::tasks[2].dependsOn[1]|empty-string     FAIL      ok
  migration                  e   08-plan.json::tasks[2].acceptance[0]|empty-string    FAIL      ok
  migration                  f   08-plan.json::*|whitespace                           FAIL      ok
  migration                  f   08-plan.json::tasks[0].owns/*|whitespace             FAIL      ok
  migration                  f   08-plan.json::tasks[0]/*|whitespace                  FAIL      ok
  migration                  f   08-plan.json::tasks[1].dependsOn/*|whitespace        FAIL      ok
  migration                  f   08-plan.json::tasks[1].acceptance/*|whitespace       FAIL      ok
  migration                  f   08-plan.json::tasks[1]/*|whitespace                  FAIL      ok
  migration                  f   08-plan.json::tasks[2].dependsOn/*|whitespace        FAIL      ok
  migration                  f   08-plan.json::tasks[2].acceptance/*|whitespace       FAIL      ok
  migration                  f   08-plan.json::tasks[2]/*|whitespace                  FAIL      ok
  migration                  f   08-plan.json::tasks/*|whitespace                     FAIL      ok
  migration                  f   08-plan.json::tasks[0].id|whitespace                 FAIL      ok
  migration                  f   08-plan.json::tasks[0].role|whitespace               FAIL      ok
  migration                  f   08-plan.json::tasks[0].owns[0]|whitespace            FAIL      ok
  migration                  f   08-plan.json::tasks[1].id|whitespace                 FAIL      ok
  migration                  f   08-plan.json::tasks[1].role|whitespace               FAIL      ok
  migration                  f   08-plan.json::tasks[1].dependsOn[0]|whitespace       FAIL      ok
  migration                  f   08-plan.json::tasks[1].acceptance[0]|whitespace      FAIL      ok
  migration                  f   08-plan.json::tasks[2].id|whitespace                 FAIL      ok
  migration                  f   08-plan.json::tasks[2].role|whitespace               FAIL      ok
  migration                  f   08-plan.json::tasks[2].dependsOn[0]|whitespace       FAIL      ok
  migration                  f   08-plan.json::tasks[2].dependsOn[1]|whitespace       FAIL      ok
  migration                  f   08-plan.json::tasks[2].acceptance[0]|whitespace      FAIL      ok
  migration                  g   08-plan.json::*|null                                 FAIL      ok
  migration                  g   08-plan.json::tasks[0].owns/*|null                   FAIL      ok
  migration                  g   08-plan.json::tasks[0]/*|null                        FAIL      ok
  migration                  g   08-plan.json::tasks[1].dependsOn/*|null              FAIL      ok
  migration                  g   08-plan.json::tasks[1].acceptance/*|null             FAIL      ok
  migration                  g   08-plan.json::tasks[1]/*|null                        FAIL      ok
  migration                  g   08-plan.json::tasks[2].dependsOn/*|null              FAIL      ok
  migration                  g   08-plan.json::tasks[2].acceptance/*|null             FAIL      ok
  migration                  g   08-plan.json::tasks[2]/*|null                        FAIL      ok
  migration                  g   08-plan.json::tasks/*|null                           FAIL      ok
  migration                  g   08-plan.json::tasks[0].id|null                       FAIL      ok
  migration                  g   08-plan.json::tasks[0].role|null                     FAIL      ok
  migration                  g   08-plan.json::tasks[0].owns[0]|null                  FAIL      ok
  migration                  g   08-plan.json::tasks[1].id|null                       FAIL      ok
  migration                  g   08-plan.json::tasks[1].role|null                     FAIL      ok
  migration                  g   08-plan.json::tasks[1].dependsOn[0]|null             FAIL      ok
  migration                  g   08-plan.json::tasks[1].acceptance[0]|null            FAIL      ok
  migration                  g   08-plan.json::tasks[2].id|null                       FAIL      ok
  migration                  g   08-plan.json::tasks[2].role|null                     FAIL      ok
  migration                  g   08-plan.json::tasks[2].dependsOn[0]|null             FAIL      ok
  migration                  g   08-plan.json::tasks[2].dependsOn[1]|null             FAIL      ok
  migration                  g   08-plan.json::tasks[2].acceptance[0]|null            FAIL      ok
  migration                  v   08-plan.json::*|todo                                 FAIL      ok
  migration                  v   08-plan.json::tasks[0].owns/*|todo                   FAIL      ok
  migration                  v   08-plan.json::tasks[0]/*|todo                        FAIL      ok
  migration                  v   08-plan.json::tasks[1].dependsOn/*|todo              FAIL      ok
  migration                  v   08-plan.json::tasks[1].acceptance/*|todo             FAIL      ok
  migration                  v   08-plan.json::tasks[1]/*|todo                        FAIL      ok
  migration                  v   08-plan.json::tasks[2].dependsOn/*|todo              FAIL      ok
  migration                  v   08-plan.json::tasks[2].acceptance/*|todo             FAIL      ok
  migration                  v   08-plan.json::tasks[2]/*|todo                        FAIL      ok
  migration                  v   08-plan.json::tasks/*|todo                           FAIL      ok
  migration                  v   08-plan.json::tasks[0].id|todo                       FAIL      ok
  migration                  v   08-plan.json::tasks[0].role|todo                     FAIL      ok
  migration                  v   08-plan.json::tasks[0].owns[0]|todo                  FAIL      ok
  migration                  v   08-plan.json::tasks[1].id|todo                       FAIL      ok
  migration                  v   08-plan.json::tasks[1].role|todo                     FAIL      ok
  migration                  v   08-plan.json::tasks[1].dependsOn[0]|todo             FAIL      ok
  migration                  v   08-plan.json::tasks[1].acceptance[0]|todo            FAIL      ok
  migration                  v   08-plan.json::tasks[2].id|todo                       FAIL      ok
  migration                  v   08-plan.json::tasks[2].role|todo                     FAIL      ok
  migration                  v   08-plan.json::tasks[2].dependsOn[0]|todo             FAIL      ok
  migration                  v   08-plan.json::tasks[2].dependsOn[1]|todo             FAIL      ok
  migration                  v   08-plan.json::tasks[2].acceptance[0]|todo            FAIL      ok
  migration                  v   08-plan.json::*|n-a                                  FAIL      ok
  migration                  v   08-plan.json::tasks[0].owns/*|n-a                    FAIL      ok
  migration                  v   08-plan.json::tasks[0]/*|n-a                         FAIL      ok
  migration                  v   08-plan.json::tasks[1].dependsOn/*|n-a               FAIL      ok
  migration                  v   08-plan.json::tasks[1].acceptance/*|n-a              FAIL      ok
  migration                  v   08-plan.json::tasks[1]/*|n-a                         FAIL      ok
  migration                  v   08-plan.json::tasks[2].dependsOn/*|n-a               FAIL      ok
  migration                  v   08-plan.json::tasks[2].acceptance/*|n-a              FAIL      ok
  migration                  v   08-plan.json::tasks[2]/*|n-a                         FAIL      ok
  migration                  v   08-plan.json::tasks/*|n-a                            FAIL      ok
  migration                  v   08-plan.json::tasks[0].id|n-a                        FAIL      ok
  migration                  v   08-plan.json::tasks[0].role|n-a                      FAIL      ok
  migration                  v   08-plan.json::tasks[0].owns[0]|n-a                   FAIL      ok
  migration                  v   08-plan.json::tasks[1].id|n-a                        FAIL      ok
  migration                  v   08-plan.json::tasks[1].role|n-a                      FAIL      ok
  migration                  v   08-plan.json::tasks[1].dependsOn[0]|n-a              FAIL      ok
  migration                  v   08-plan.json::tasks[1].acceptance[0]|n-a             FAIL      ok
  migration                  v   08-plan.json::tasks[2].id|n-a                        FAIL      ok
  migration                  v   08-plan.json::tasks[2].role|n-a                      FAIL      ok
  migration                  v   08-plan.json::tasks[2].dependsOn[0]|n-a              FAIL      ok
  migration                  v   08-plan.json::tasks[2].dependsOn[1]|n-a              FAIL      ok
  migration                  v   08-plan.json::tasks[2].acceptance[0]|n-a             FAIL      ok
  migration                  v   08-plan.json::*|dash                                 FAIL      ok
  migration                  v   08-plan.json::tasks[0].owns/*|dash                   FAIL      ok
  migration                  v   08-plan.json::tasks[0]/*|dash                        FAIL      ok
  migration                  v   08-plan.json::tasks[1].dependsOn/*|dash              FAIL      ok
  migration                  v   08-plan.json::tasks[1].acceptance/*|dash             FAIL      ok
  migration                  v   08-plan.json::tasks[1]/*|dash                        FAIL      ok
  migration                  v   08-plan.json::tasks[2].dependsOn/*|dash              FAIL      ok
  migration                  v   08-plan.json::tasks[2].acceptance/*|dash             FAIL      ok
  migration                  v   08-plan.json::tasks[2]/*|dash                        FAIL      ok
  migration                  v   08-plan.json::tasks/*|dash                           FAIL      ok
  migration                  v   08-plan.json::tasks[0].id|dash                       FAIL      ok
  migration                  v   08-plan.json::tasks[0].role|dash                     FAIL      ok
  migration                  v   08-plan.json::tasks[0].owns[0]|dash                  FAIL      ok
  migration                  v   08-plan.json::tasks[1].id|dash                       FAIL      ok
  migration                  v   08-plan.json::tasks[1].role|dash                     FAIL      ok
  migration                  v   08-plan.json::tasks[1].dependsOn[0]|dash             FAIL      ok
  migration                  v   08-plan.json::tasks[1].acceptance[0]|dash            FAIL      ok
  migration                  v   08-plan.json::tasks[2].id|dash                       FAIL      ok
  migration                  v   08-plan.json::tasks[2].role|dash                     FAIL      ok
  migration                  v   08-plan.json::tasks[2].dependsOn[0]|dash             FAIL      ok
  migration                  v   08-plan.json::tasks[2].dependsOn[1]|dash             FAIL      ok
  migration                  v   08-plan.json::tasks[2].acceptance[0]|dash            FAIL      ok
  migration                  v   08-plan.json::*|copula-remnant                       FAIL      ok
  migration                  v   08-plan.json::tasks[0].owns/*|copula-remnant         FAIL      ok
  migration                  v   08-plan.json::tasks[0]/*|copula-remnant              FAIL      ok
  migration                  v   08-plan.json::tasks[1].dependsOn/*|copula-remnant    FAIL      ok
  migration                  v   08-plan.json::tasks[1].acceptance/*|copula-remnant   FAIL      ok
  migration                  v   08-plan.json::tasks[1]/*|copula-remnant              FAIL      ok
  migration                  v   08-plan.json::tasks[2].dependsOn/*|copula-remnant    FAIL      ok
  migration                  v   08-plan.json::tasks[2].acceptance/*|copula-remnant   FAIL      ok
  migration                  v   08-plan.json::tasks[2]/*|copula-remnant              FAIL      ok
  migration                  v   08-plan.json::tasks/*|copula-remnant                 FAIL      ok
  migration                  v   08-plan.json::tasks[0].id|copula-remnant             FAIL      ok
  migration                  v   08-plan.json::tasks[0].role|copula-remnant           FAIL      ok
  migration                  v   08-plan.json::tasks[0].owns[0]|copula-remnant        FAIL      ok
  migration                  v   08-plan.json::tasks[1].id|copula-remnant             FAIL      ok
  migration                  v   08-plan.json::tasks[1].role|copula-remnant           FAIL      ok
  migration                  v   08-plan.json::tasks[1].dependsOn[0]|copula-remnant   FAIL      ok
  migration                  v   08-plan.json::tasks[1].acceptance[0]|copula-remnant  FAIL      ok
  migration                  v   08-plan.json::tasks[2].id|copula-remnant             FAIL      ok
  migration                  v   08-plan.json::tasks[2].role|copula-remnant           FAIL      ok
  migration                  v   08-plan.json::tasks[2].dependsOn[0]|copula-remnant   FAIL      ok
  migration                  v   08-plan.json::tasks[2].dependsOn[1]|copula-remnant   FAIL      ok
  migration                  v   08-plan.json::tasks[2].acceptance[0]|copula-remnant  FAIL      ok
  migration                  v   08-plan.json::*|todo-zero-width                      FAIL      ok
  migration                  v   08-plan.json::tasks[0].owns/*|todo-zero-width        FAIL      ok
  migration                  v   08-plan.json::tasks[0]/*|todo-zero-width             FAIL      ok
  migration                  v   08-plan.json::tasks[1].dependsOn/*|todo-zero-width   FAIL      ok
  migration                  v   08-plan.json::tasks[1].acceptance/*|todo-zero-width  FAIL      ok
  migration                  v   08-plan.json::tasks[1]/*|todo-zero-width             FAIL      ok
  migration                  v   08-plan.json::tasks[2].dependsOn/*|todo-zero-width   FAIL      ok
  migration                  v   08-plan.json::tasks[2].acceptance/*|todo-zero-width  FAIL      ok
  migration                  v   08-plan.json::tasks[2]/*|todo-zero-width             FAIL      ok
  migration                  v   08-plan.json::tasks/*|todo-zero-width                FAIL      ok
  migration                  v   08-plan.json::tasks[0].id|todo-zero-width            FAIL      ok
  migration                  v   08-plan.json::tasks[0].role|todo-zero-width          FAIL      ok
  migration                  v   08-plan.json::tasks[0].owns[0]|todo-zero-width       FAIL      ok
  migration                  v   08-plan.json::tasks[1].id|todo-zero-width            FAIL      ok
  migration                  v   08-plan.json::tasks[1].role|todo-zero-width          FAIL      ok
  migration                  v   08-plan.json::tasks[1].dependsOn[0]|todo-zero-width  FAIL      ok
  migration                  v   08-plan.json::tasks[1].acceptance[0]|todo-zero-width FAIL      ok
  migration                  v   08-plan.json::tasks[2].id|todo-zero-width            FAIL      ok
  migration                  v   08-plan.json::tasks[2].role|todo-zero-width          FAIL      ok
  migration                  v   08-plan.json::tasks[2].dependsOn[0]|todo-zero-width  FAIL      ok
  migration                  v   08-plan.json::tasks[2].dependsOn[1]|todo-zero-width  FAIL      ok
  migration                  v   08-plan.json::tasks[2].acceptance[0]|todo-zero-width FAIL      ok
  migration                  v   08-plan.json::*|todo-soft-hyphen                     FAIL      ok
  migration                  v   08-plan.json::tasks[0].owns/*|todo-soft-hyphen       FAIL      ok
  migration                  v   08-plan.json::tasks[0]/*|todo-soft-hyphen            FAIL      ok
  migration                  v   08-plan.json::tasks[1].dependsOn/*|todo-soft-hyphen  FAIL      ok
  migration                  v   08-plan.json::tasks[1].acceptance/*|todo-soft-hyphen FAIL      ok
  migration                  v   08-plan.json::tasks[1]/*|todo-soft-hyphen            FAIL      ok
  migration                  v   08-plan.json::tasks[2].dependsOn/*|todo-soft-hyphen  FAIL      ok
  migration                  v   08-plan.json::tasks[2].acceptance/*|todo-soft-hyphen FAIL      ok
  migration                  v   08-plan.json::tasks[2]/*|todo-soft-hyphen            FAIL      ok
  migration                  v   08-plan.json::tasks/*|todo-soft-hyphen               FAIL      ok
  migration                  v   08-plan.json::tasks[0].id|todo-soft-hyphen           FAIL      ok
  migration                  v   08-plan.json::tasks[0].role|todo-soft-hyphen         FAIL      ok
  migration                  v   08-plan.json::tasks[0].owns[0]|todo-soft-hyphen      FAIL      ok
  migration                  v   08-plan.json::tasks[1].id|todo-soft-hyphen           FAIL      ok
  migration                  v   08-plan.json::tasks[1].role|todo-soft-hyphen         FAIL      ok
  migration                  v   08-plan.json::tasks[1].dependsOn[0]|todo-soft-hyphen FAIL      ok
  migration                  v   08-plan.json::tasks[1].acceptance[0]|todo-soft-hyphe FAIL      ok
  migration                  v   08-plan.json::tasks[2].id|todo-soft-hyphen           FAIL      ok
  migration                  v   08-plan.json::tasks[2].role|todo-soft-hyphen         FAIL      ok
  migration                  v   08-plan.json::tasks[2].dependsOn[0]|todo-soft-hyphen FAIL      ok
  migration                  v   08-plan.json::tasks[2].dependsOn[1]|todo-soft-hyphen FAIL      ok
  migration                  v   08-plan.json::tasks[2].acceptance[0]|todo-soft-hyphe FAIL      ok
  migration                  v   08-plan.json::*|todo-fullwidth                       FAIL      ok
  migration                  v   08-plan.json::tasks[0].owns/*|todo-fullwidth         FAIL      ok
  migration                  v   08-plan.json::tasks[0]/*|todo-fullwidth              FAIL      ok
  migration                  v   08-plan.json::tasks[1].dependsOn/*|todo-fullwidth    FAIL      ok
  migration                  v   08-plan.json::tasks[1].acceptance/*|todo-fullwidth   FAIL      ok
  migration                  v   08-plan.json::tasks[1]/*|todo-fullwidth              FAIL      ok
  migration                  v   08-plan.json::tasks[2].dependsOn/*|todo-fullwidth    FAIL      ok
  migration                  v   08-plan.json::tasks[2].acceptance/*|todo-fullwidth   FAIL      ok
  migration                  v   08-plan.json::tasks[2]/*|todo-fullwidth              FAIL      ok
  migration                  v   08-plan.json::tasks/*|todo-fullwidth                 FAIL      ok
  migration                  v   08-plan.json::tasks[0].id|todo-fullwidth             FAIL      ok
  migration                  v   08-plan.json::tasks[0].role|todo-fullwidth           FAIL      ok
  migration                  v   08-plan.json::tasks[0].owns[0]|todo-fullwidth        FAIL      ok
  migration                  v   08-plan.json::tasks[1].id|todo-fullwidth             FAIL      ok
  migration                  v   08-plan.json::tasks[1].role|todo-fullwidth           FAIL      ok
  migration                  v   08-plan.json::tasks[1].dependsOn[0]|todo-fullwidth   FAIL      ok
  migration                  v   08-plan.json::tasks[1].acceptance[0]|todo-fullwidth  FAIL      ok
  migration                  v   08-plan.json::tasks[2].id|todo-fullwidth             FAIL      ok
  migration                  v   08-plan.json::tasks[2].role|todo-fullwidth           FAIL      ok
  migration                  v   08-plan.json::tasks[2].dependsOn[0]|todo-fullwidth   FAIL      ok
  migration                  v   08-plan.json::tasks[2].dependsOn[1]|todo-fullwidth   FAIL      ok
  migration                  v   08-plan.json::tasks[2].acceptance[0]|todo-fullwidth  FAIL      ok
  migration                  v   08-plan.json::*|todo-small-caps                      FAIL      ok
  migration                  v   08-plan.json::tasks[0].owns/*|todo-small-caps        FAIL      ok
  migration                  v   08-plan.json::tasks[0]/*|todo-small-caps             FAIL      ok
  migration                  v   08-plan.json::tasks[1].dependsOn/*|todo-small-caps   FAIL      ok
  migration                  v   08-plan.json::tasks[1].acceptance/*|todo-small-caps  FAIL      ok
  migration                  v   08-plan.json::tasks[1]/*|todo-small-caps             FAIL      ok
  migration                  v   08-plan.json::tasks[2].dependsOn/*|todo-small-caps   FAIL      ok
  migration                  v   08-plan.json::tasks[2].acceptance/*|todo-small-caps  FAIL      ok
  migration                  v   08-plan.json::tasks[2]/*|todo-small-caps             FAIL      ok
  migration                  v   08-plan.json::tasks/*|todo-small-caps                FAIL      ok
  migration                  v   08-plan.json::tasks[0].id|todo-small-caps            FAIL      ok
  migration                  v   08-plan.json::tasks[0].role|todo-small-caps          FAIL      ok
  migration                  v   08-plan.json::tasks[0].owns[0]|todo-small-caps       FAIL      ok
  migration                  v   08-plan.json::tasks[1].id|todo-small-caps            FAIL      ok
  migration                  v   08-plan.json::tasks[1].role|todo-small-caps          FAIL      ok
  migration                  v   08-plan.json::tasks[1].dependsOn[0]|todo-small-caps  FAIL      ok
  migration                  v   08-plan.json::tasks[1].acceptance[0]|todo-small-caps FAIL      ok
  migration                  v   08-plan.json::tasks[2].id|todo-small-caps            FAIL      ok
  migration                  v   08-plan.json::tasks[2].role|todo-small-caps          FAIL      ok
  migration                  v   08-plan.json::tasks[2].dependsOn[0]|todo-small-caps  FAIL      ok
  migration                  v   08-plan.json::tasks[2].dependsOn[1]|todo-small-caps  FAIL      ok
  migration                  v   08-plan.json::tasks[2].acceptance[0]|todo-small-caps FAIL      ok
  migration                  v   08-plan.json::*|tbd-small-caps                       FAIL      ok
  migration                  v   08-plan.json::tasks[0].owns/*|tbd-small-caps         FAIL      ok
  migration                  v   08-plan.json::tasks[0]/*|tbd-small-caps              FAIL      ok
  migration                  v   08-plan.json::tasks[1].dependsOn/*|tbd-small-caps    FAIL      ok
  migration                  v   08-plan.json::tasks[1].acceptance/*|tbd-small-caps   FAIL      ok
  migration                  v   08-plan.json::tasks[1]/*|tbd-small-caps              FAIL      ok
  migration                  v   08-plan.json::tasks[2].dependsOn/*|tbd-small-caps    FAIL      ok
  migration                  v   08-plan.json::tasks[2].acceptance/*|tbd-small-caps   FAIL      ok
  migration                  v   08-plan.json::tasks[2]/*|tbd-small-caps              FAIL      ok
  migration                  v   08-plan.json::tasks/*|tbd-small-caps                 FAIL      ok
  migration                  v   08-plan.json::tasks[0].id|tbd-small-caps             FAIL      ok
  migration                  v   08-plan.json::tasks[0].role|tbd-small-caps           FAIL      ok
  migration                  v   08-plan.json::tasks[0].owns[0]|tbd-small-caps        FAIL      ok
  migration                  v   08-plan.json::tasks[1].id|tbd-small-caps             FAIL      ok
  migration                  v   08-plan.json::tasks[1].role|tbd-small-caps           FAIL      ok
  migration                  v   08-plan.json::tasks[1].dependsOn[0]|tbd-small-caps   FAIL      ok
  migration                  v   08-plan.json::tasks[1].acceptance[0]|tbd-small-caps  FAIL      ok
  migration                  v   08-plan.json::tasks[2].id|tbd-small-caps             FAIL      ok
  migration                  v   08-plan.json::tasks[2].role|tbd-small-caps           FAIL      ok
  migration                  v   08-plan.json::tasks[2].dependsOn[0]|tbd-small-caps   FAIL      ok
  migration                  v   08-plan.json::tasks[2].dependsOn[1]|tbd-small-caps   FAIL      ok
  migration                  v   08-plan.json::tasks[2].acceptance[0]|tbd-small-caps  FAIL      ok
  migration                  v   08-plan.json::*|bracketed-tbd                        FAIL      ok
  migration                  v   08-plan.json::tasks[0].owns/*|bracketed-tbd          FAIL      ok
  migration                  v   08-plan.json::tasks[0]/*|bracketed-tbd               FAIL      ok
  migration                  v   08-plan.json::tasks[1].dependsOn/*|bracketed-tbd     FAIL      ok
  migration                  v   08-plan.json::tasks[1].acceptance/*|bracketed-tbd    FAIL      ok
  migration                  v   08-plan.json::tasks[1]/*|bracketed-tbd               FAIL      ok
  migration                  v   08-plan.json::tasks[2].dependsOn/*|bracketed-tbd     FAIL      ok
  migration                  v   08-plan.json::tasks[2].acceptance/*|bracketed-tbd    FAIL      ok
  migration                  v   08-plan.json::tasks[2]/*|bracketed-tbd               FAIL      ok
  migration                  v   08-plan.json::tasks/*|bracketed-tbd                  FAIL      ok
  migration                  v   08-plan.json::tasks[0].id|bracketed-tbd              FAIL      ok
  migration                  v   08-plan.json::tasks[0].role|bracketed-tbd            FAIL      ok
  migration                  v   08-plan.json::tasks[0].owns[0]|bracketed-tbd         FAIL      ok
  migration                  v   08-plan.json::tasks[1].id|bracketed-tbd              FAIL      ok
  migration                  v   08-plan.json::tasks[1].role|bracketed-tbd            FAIL      ok
  migration                  v   08-plan.json::tasks[1].dependsOn[0]|bracketed-tbd    FAIL      ok
  migration                  v   08-plan.json::tasks[1].acceptance[0]|bracketed-tbd   FAIL      ok
  migration                  v   08-plan.json::tasks[2].id|bracketed-tbd              FAIL      ok
  migration                  v   08-plan.json::tasks[2].role|bracketed-tbd            FAIL      ok
  migration                  v   08-plan.json::tasks[2].dependsOn[0]|bracketed-tbd    FAIL      ok
  migration                  v   08-plan.json::tasks[2].dependsOn[1]|bracketed-tbd    FAIL      ok
  migration                  v   08-plan.json::tasks[2].acceptance[0]|bracketed-tbd   FAIL      ok
  migration                  n   08-plan.json::*|hash-comment                         FAIL      ok
  migration                  n   08-plan.json::tasks[0].owns/*|hash-comment           FAIL      ok
  migration                  n   08-plan.json::tasks[0]/*|hash-comment                FAIL      ok
  migration                  n   08-plan.json::tasks[1].dependsOn/*|hash-comment      FAIL      ok
  migration                  n   08-plan.json::tasks[1].acceptance/*|hash-comment     FAIL      ok
  migration                  n   08-plan.json::tasks[1]/*|hash-comment                FAIL      ok
  migration                  n   08-plan.json::tasks[2].dependsOn/*|hash-comment      FAIL      ok
  migration                  n   08-plan.json::tasks[2].acceptance/*|hash-comment     FAIL      ok
  migration                  n   08-plan.json::tasks[2]/*|hash-comment                FAIL      ok
  migration                  n   08-plan.json::tasks/*|hash-comment                   FAIL      ok
  migration                  n   08-plan.json::tasks[0].id|hash-comment               FAIL      ok
  migration                  n   08-plan.json::tasks[0].role|hash-comment             FAIL      ok
  migration                  n   08-plan.json::tasks[0].owns[0]|hash-comment          FAIL      ok
  migration                  n   08-plan.json::tasks[1].id|hash-comment               FAIL      ok
  migration                  n   08-plan.json::tasks[1].role|hash-comment             FAIL      ok
  migration                  n   08-plan.json::tasks[1].dependsOn[0]|hash-comment     FAIL      ok
  migration                  n   08-plan.json::tasks[1].acceptance[0]|hash-comment    FAIL      ok
  migration                  n   08-plan.json::tasks[2].id|hash-comment               FAIL      ok
  migration                  n   08-plan.json::tasks[2].role|hash-comment             FAIL      ok
  migration                  n   08-plan.json::tasks[2].dependsOn[0]|hash-comment     FAIL      ok
  migration                  n   08-plan.json::tasks[2].dependsOn[1]|hash-comment     FAIL      ok
  migration                  n   08-plan.json::tasks[2].acceptance[0]|hash-comment    FAIL      ok
  migration                  n   08-plan.json::*|block-comment                        FAIL      ok
  migration                  n   08-plan.json::tasks[0].owns/*|block-comment          FAIL      ok
  migration                  n   08-plan.json::tasks[0]/*|block-comment               FAIL      ok
  migration                  n   08-plan.json::tasks[1].dependsOn/*|block-comment     FAIL      ok
  migration                  n   08-plan.json::tasks[1].acceptance/*|block-comment    FAIL      ok
  migration                  n   08-plan.json::tasks[1]/*|block-comment               FAIL      ok
  migration                  n   08-plan.json::tasks[2].dependsOn/*|block-comment     FAIL      ok
  migration                  n   08-plan.json::tasks[2].acceptance/*|block-comment    FAIL      ok
  migration                  n   08-plan.json::tasks[2]/*|block-comment               FAIL      ok
  migration                  n   08-plan.json::tasks/*|block-comment                  FAIL      ok
  migration                  n   08-plan.json::tasks[0].id|block-comment              FAIL      ok
  migration                  n   08-plan.json::tasks[0].role|block-comment            FAIL      ok
  migration                  n   08-plan.json::tasks[0].owns[0]|block-comment         FAIL      ok
  migration                  n   08-plan.json::tasks[1].id|block-comment              FAIL      ok
  migration                  n   08-plan.json::tasks[1].role|block-comment            FAIL      ok
  migration                  n   08-plan.json::tasks[1].dependsOn[0]|block-comment    FAIL      ok
  migration                  n   08-plan.json::tasks[1].acceptance[0]|block-comment   FAIL      ok
  migration                  n   08-plan.json::tasks[2].id|block-comment              FAIL      ok
  migration                  n   08-plan.json::tasks[2].role|block-comment            FAIL      ok
  migration                  n   08-plan.json::tasks[2].dependsOn[0]|block-comment    FAIL      ok
  migration                  n   08-plan.json::tasks[2].dependsOn[1]|block-comment    FAIL      ok
  migration                  n   08-plan.json::tasks[2].acceptance[0]|block-comment   FAIL      ok
  migration                  n   08-plan.json::*|punctuation                          FAIL      ok
  migration                  n   08-plan.json::tasks[0].owns/*|punctuation            FAIL      ok
  migration                  n   08-plan.json::tasks[0]/*|punctuation                 FAIL      ok
  migration                  n   08-plan.json::tasks[1].dependsOn/*|punctuation       FAIL      ok
  migration                  n   08-plan.json::tasks[1].acceptance/*|punctuation      FAIL      ok
  migration                  n   08-plan.json::tasks[1]/*|punctuation                 FAIL      ok
  migration                  n   08-plan.json::tasks[2].dependsOn/*|punctuation       FAIL      ok
  migration                  n   08-plan.json::tasks[2].acceptance/*|punctuation      FAIL      ok
  migration                  n   08-plan.json::tasks[2]/*|punctuation                 FAIL      ok
  migration                  n   08-plan.json::tasks/*|punctuation                    FAIL      ok
  migration                  n   08-plan.json::tasks[0].id|punctuation                FAIL      ok
  migration                  n   08-plan.json::tasks[0].role|punctuation              FAIL      ok
  migration                  n   08-plan.json::tasks[0].owns[0]|punctuation           FAIL      ok
  migration                  n   08-plan.json::tasks[1].id|punctuation                FAIL      ok
  migration                  n   08-plan.json::tasks[1].role|punctuation              FAIL      ok
  migration                  n   08-plan.json::tasks[1].dependsOn[0]|punctuation      FAIL      ok
  migration                  n   08-plan.json::tasks[1].acceptance[0]|punctuation     FAIL      ok
  migration                  n   08-plan.json::tasks[2].id|punctuation                FAIL      ok
  migration                  n   08-plan.json::tasks[2].role|punctuation              FAIL      ok
  migration                  n   08-plan.json::tasks[2].dependsOn[0]|punctuation      FAIL      ok
  migration                  n   08-plan.json::tasks[2].dependsOn[1]|punctuation      FAIL      ok
  migration                  n   08-plan.json::tasks[2].acceptance[0]|punctuation     FAIL      ok
  migration                  m   08-plan.json::*|nan                                  FAIL      ok
  migration                  m   08-plan.json::tasks[0].owns/*|nan                    FAIL      ok
  migration                  m   08-plan.json::tasks[0]/*|nan                         FAIL      ok
  migration                  m   08-plan.json::tasks[1].dependsOn/*|nan               FAIL      ok
  migration                  m   08-plan.json::tasks[1].acceptance/*|nan              FAIL      ok
  migration                  m   08-plan.json::tasks[1]/*|nan                         FAIL      ok
  migration                  m   08-plan.json::tasks[2].dependsOn/*|nan               FAIL      ok
  migration                  m   08-plan.json::tasks[2].acceptance/*|nan              FAIL      ok
  migration                  m   08-plan.json::tasks[2]/*|nan                         FAIL      ok
  migration                  m   08-plan.json::tasks/*|nan                            FAIL      ok
  migration                  m   08-plan.json::tasks[0].id|nan                        FAIL      ok
  migration                  m   08-plan.json::tasks[0].role|nan                      FAIL      ok
  migration                  m   08-plan.json::tasks[0].owns[0]|nan                   FAIL      ok
  migration                  m   08-plan.json::tasks[1].id|nan                        FAIL      ok
  migration                  m   08-plan.json::tasks[1].role|nan                      FAIL      ok
  migration                  m   08-plan.json::tasks[1].dependsOn[0]|nan              FAIL      ok
  migration                  m   08-plan.json::tasks[1].acceptance[0]|nan             FAIL      ok
  migration                  m   08-plan.json::tasks[2].id|nan                        FAIL      ok
  migration                  m   08-plan.json::tasks[2].role|nan                      FAIL      ok
  migration                  m   08-plan.json::tasks[2].dependsOn[0]|nan              FAIL      ok
  migration                  m   08-plan.json::tasks[2].dependsOn[1]|nan              FAIL      ok
  migration                  m   08-plan.json::tasks[2].acceptance[0]|nan             FAIL      ok
  migration                  m   08-plan.json::*|infinity                             FAIL      ok
  migration                  m   08-plan.json::tasks[0].owns/*|infinity               FAIL      ok
  migration                  m   08-plan.json::tasks[0]/*|infinity                    FAIL      ok
  migration                  m   08-plan.json::tasks[1].dependsOn/*|infinity          FAIL      ok
  migration                  m   08-plan.json::tasks[1].acceptance/*|infinity         FAIL      ok
  migration                  m   08-plan.json::tasks[1]/*|infinity                    FAIL      ok
  migration                  m   08-plan.json::tasks[2].dependsOn/*|infinity          FAIL      ok
  migration                  m   08-plan.json::tasks[2].acceptance/*|infinity         FAIL      ok
  migration                  m   08-plan.json::tasks[2]/*|infinity                    FAIL      ok
  migration                  m   08-plan.json::tasks/*|infinity                       FAIL      ok
  migration                  m   08-plan.json::tasks[0].id|infinity                   FAIL      ok
  migration                  m   08-plan.json::tasks[0].role|infinity                 FAIL      ok
  migration                  m   08-plan.json::tasks[0].owns[0]|infinity              FAIL      ok
  migration                  m   08-plan.json::tasks[1].id|infinity                   FAIL      ok
  migration                  m   08-plan.json::tasks[1].role|infinity                 FAIL      ok
  migration                  m   08-plan.json::tasks[1].dependsOn[0]|infinity         FAIL      ok
  migration                  m   08-plan.json::tasks[1].acceptance[0]|infinity        FAIL      ok
  migration                  m   08-plan.json::tasks[2].id|infinity                   FAIL      ok
  migration                  m   08-plan.json::tasks[2].role|infinity                 FAIL      ok
  migration                  m   08-plan.json::tasks[2].dependsOn[0]|infinity         FAIL      ok
  migration                  m   08-plan.json::tasks[2].dependsOn[1]|infinity         FAIL      ok
  migration                  m   08-plan.json::tasks[2].acceptance[0]|infinity        FAIL      ok
  migration                  h   08-plan.json::tasks[0].owns=[{}]                     FAIL      ok
  migration                  j   08-plan.json::tasks[0].owns=[]                       FAIL      ok
  migration                  h   08-plan.json::tasks[1].dependsOn=[{}]                FAIL      ok
  migration                  j   08-plan.json::tasks[1].dependsOn=[]                  FAIL      ok
  migration                  h   08-plan.json::tasks[1].acceptance=[{}]               FAIL      ok
  migration                  j   08-plan.json::tasks[1].acceptance=[]                 FAIL      ok
  migration                  h   08-plan.json::tasks[2].dependsOn=[{}]                FAIL      ok
  migration                  j   08-plan.json::tasks[2].dependsOn=[]                  FAIL      ok
  migration                  h   08-plan.json::tasks[2].acceptance=[{}]               FAIL      ok
  migration                  j   08-plan.json::tasks[2].acceptance=[]                 FAIL      ok
  migration                  h   08-plan.json::tasks=[{}]                             FAIL      ok
  migration                  j   08-plan.json::tasks=[]                               FAIL      ok
  migration                  i   08-plan.json::zero-bytes                             FAIL      ok
  migration                  f   05-data-model.md::whitespace                         NO-DATA   ok
  migration                  v   05-data-model.md::vacuous-todo                       NO-DATA   ok
  migration                  v   05-data-model.md::every-section-todo                 NO-DATA   ok
  migration                  v   05-data-model.md::vacuous-n-a                        NO-DATA   ok
  migration                  v   05-data-model.md::every-section-n-a                  NO-DATA   ok
  migration                  v   05-data-model.md::vacuous-dash                       NO-DATA   ok
  migration                  v   05-data-model.md::every-section-dash                 NO-DATA   ok
  migration                  v   05-data-model.md::vacuous-copula-remnant             NO-DATA   ok
  migration                  v   05-data-model.md::every-section-copula-remnant       NO-DATA   ok
  migration                  v   05-data-model.md::vacuous-todo-zero-width            NO-DATA   ok
  migration                  v   05-data-model.md::every-section-todo-zero-width      NO-DATA   ok
  migration                  v   05-data-model.md::vacuous-todo-soft-hyphen           NO-DATA   ok
  migration                  v   05-data-model.md::every-section-todo-soft-hyphen     NO-DATA   ok
  migration                  v   05-data-model.md::vacuous-todo-fullwidth             NO-DATA   ok
  migration                  v   05-data-model.md::every-section-todo-fullwidth       NO-DATA   ok
  migration                  v   05-data-model.md::vacuous-todo-small-caps            NO-DATA   ok
  migration                  v   05-data-model.md::every-section-todo-small-caps      NO-DATA   ok
  migration                  v   05-data-model.md::vacuous-tbd-small-caps             NO-DATA   ok
  migration                  v   05-data-model.md::every-section-tbd-small-caps       NO-DATA   ok
  migration                  v   05-data-model.md::vacuous-bracketed-tbd              NO-DATA   ok
  migration                  v   05-data-model.md::every-section-bracketed-tbd        NO-DATA   ok
  migration                  s   05-data-model.md##Physical                           NO-DATA   ok
  migration                  k   05-data-model.md::commented-out                      NO-DATA   ok
  migration                  k   05-data-model.md##Physical|commented                 NO-DATA   ok
  migration                  i   05-data-model.md::zero-bytes                         NO-DATA   ok
  migration                  i   declared-reads::zero-bytes                           FAIL      ok
  migration                  x   access::08-plan.json|chmod-000                       FAIL      ok
  migration                  x   access::08-plan.json|broken-symlink                  FAIL      ok
  migration                  x   access::08-plan.json|symlink-loop                    FAIL      ok
  migration                  x   access::08-plan.json|fifo                            FAIL      ok
  migration                  x   access::loop-beside-evidence                         PASS      ok
  migration                  x   access::08-plan.json|parent-chmod-000                FAIL      ok
  migration                  -> invocation accounting n/a: this tool runs every check unconditionally, so there is no fallback to fall into
  calculation                a   a-empty-directory                                    NO-DATA   ok
  calculation                b   b-declares-nothing                                   NO-DATA   ok
  calculation                c   c-json-is-a-list                                     FAIL      ok
  calculation                c   c-json-is-a-string                                   FAIL      ok
  calculation                c   c-json-is-a-number                                   FAIL      ok
  calculation                d   d-malformed-json                                     FAIL      ok
  calculation                full full                                                 PASS      ok
  calculation                n   08-plan.json::*|sql-comment-with-words               FAIL      ok
  calculation                n   08-plan.json::*|not-a-measurement                    FAIL      ok
  calculation                n   08-plan.json::*|number-in-a-text-field               FAIL      ok
  calculation                e   08-plan.json::*|empty-string                         FAIL      ok
  calculation                e   08-plan.json::tasks[0].acceptance/*|empty-string     NO-DATA   ok
  calculation                e   08-plan.json::tasks[0].dossierSources/*|empty-string NO-DATA   ok
  calculation                e   08-plan.json::tasks[0].verificationCommands/*|empty- FAIL      ok
  calculation                e   08-plan.json::tasks[0]/*|empty-string                FAIL      ok
  calculation                e   08-plan.json::tasks/*|empty-string                   FAIL      ok
  calculation                e   08-plan.json::tasks[0].id|empty-string               FAIL      ok
  calculation                e   08-plan.json::tasks[0].acceptance[0]|empty-string    NO-DATA   ok
  calculation                e   08-plan.json::tasks[0].dossierSources[0]|empty-strin NO-DATA   ok
  calculation                e   08-plan.json::tasks[0].verificationCommands[0]|empty FAIL      ok
  calculation                e   08-plan.json::tasks[0].verificationCommands[1]|empty FAIL      ok
  calculation                f   08-plan.json::*|whitespace                           FAIL      ok
  calculation                f   08-plan.json::tasks[0].acceptance/*|whitespace       NO-DATA   ok
  calculation                f   08-plan.json::tasks[0].dossierSources/*|whitespace   NO-DATA   ok
  calculation                f   08-plan.json::tasks[0].verificationCommands/*|whites FAIL      ok
  calculation                f   08-plan.json::tasks[0]/*|whitespace                  FAIL      ok
  calculation                f   08-plan.json::tasks/*|whitespace                     FAIL      ok
  calculation                f   08-plan.json::tasks[0].id|whitespace                 FAIL      ok
  calculation                f   08-plan.json::tasks[0].acceptance[0]|whitespace      NO-DATA   ok
  calculation                f   08-plan.json::tasks[0].dossierSources[0]|whitespace  NO-DATA   ok
  calculation                f   08-plan.json::tasks[0].verificationCommands[0]|white FAIL      ok
  calculation                f   08-plan.json::tasks[0].verificationCommands[1]|white FAIL      ok
  calculation                g   08-plan.json::*|null                                 FAIL      ok
  calculation                g   08-plan.json::tasks[0].acceptance/*|null             NO-DATA   ok
  calculation                g   08-plan.json::tasks[0].dossierSources/*|null         NO-DATA   ok
  calculation                g   08-plan.json::tasks[0].verificationCommands/*|null   FAIL      ok
  calculation                g   08-plan.json::tasks[0]/*|null                        FAIL      ok
  calculation                g   08-plan.json::tasks/*|null                           FAIL      ok
  calculation                g   08-plan.json::tasks[0].id|null                       FAIL      ok
  calculation                g   08-plan.json::tasks[0].acceptance[0]|null            NO-DATA   ok
  calculation                g   08-plan.json::tasks[0].dossierSources[0]|null        NO-DATA   ok
  calculation                g   08-plan.json::tasks[0].verificationCommands[0]|null  FAIL      ok
  calculation                g   08-plan.json::tasks[0].verificationCommands[1]|null  FAIL      ok
  calculation                v   08-plan.json::*|todo                                 FAIL      ok
  calculation                v   08-plan.json::tasks[0].acceptance/*|todo             NO-DATA   ok
  calculation                v   08-plan.json::tasks[0].dossierSources/*|todo         NO-DATA   ok
  calculation                v   08-plan.json::tasks[0].verificationCommands/*|todo   FAIL      ok
  calculation                v   08-plan.json::tasks[0]/*|todo                        FAIL      ok
  calculation                v   08-plan.json::tasks/*|todo                           FAIL      ok
  calculation                v   08-plan.json::tasks[0].id|todo                       FAIL      ok
  calculation                v   08-plan.json::tasks[0].acceptance[0]|todo            NO-DATA   ok
  calculation                v   08-plan.json::tasks[0].dossierSources[0]|todo        NO-DATA   ok
  calculation                v   08-plan.json::tasks[0].verificationCommands[0]|todo  FAIL      ok
  calculation                v   08-plan.json::tasks[0].verificationCommands[1]|todo  FAIL      ok
  calculation                v   08-plan.json::*|n-a                                  FAIL      ok
  calculation                v   08-plan.json::tasks[0].acceptance/*|n-a              NO-DATA   ok
  calculation                v   08-plan.json::tasks[0].dossierSources/*|n-a          NO-DATA   ok
  calculation                v   08-plan.json::tasks[0].verificationCommands/*|n-a    FAIL      ok
  calculation                v   08-plan.json::tasks[0]/*|n-a                         FAIL      ok
  calculation                v   08-plan.json::tasks/*|n-a                            FAIL      ok
  calculation                v   08-plan.json::tasks[0].id|n-a                        FAIL      ok
  calculation                v   08-plan.json::tasks[0].acceptance[0]|n-a             NO-DATA   ok
  calculation                v   08-plan.json::tasks[0].dossierSources[0]|n-a         NO-DATA   ok
  calculation                v   08-plan.json::tasks[0].verificationCommands[0]|n-a   FAIL      ok
  calculation                v   08-plan.json::tasks[0].verificationCommands[1]|n-a   FAIL      ok
  calculation                v   08-plan.json::*|dash                                 FAIL      ok
  calculation                v   08-plan.json::tasks[0].acceptance/*|dash             NO-DATA   ok
  calculation                v   08-plan.json::tasks[0].dossierSources/*|dash         NO-DATA   ok
  calculation                v   08-plan.json::tasks[0].verificationCommands/*|dash   FAIL      ok
  calculation                v   08-plan.json::tasks[0]/*|dash                        FAIL      ok
  calculation                v   08-plan.json::tasks/*|dash                           FAIL      ok
  calculation                v   08-plan.json::tasks[0].id|dash                       FAIL      ok
  calculation                v   08-plan.json::tasks[0].acceptance[0]|dash            NO-DATA   ok
  calculation                v   08-plan.json::tasks[0].dossierSources[0]|dash        NO-DATA   ok
  calculation                v   08-plan.json::tasks[0].verificationCommands[0]|dash  FAIL      ok
  calculation                v   08-plan.json::tasks[0].verificationCommands[1]|dash  FAIL      ok
  calculation                v   08-plan.json::*|copula-remnant                       FAIL      ok
  calculation                v   08-plan.json::tasks[0].acceptance/*|copula-remnant   NO-DATA   ok
  calculation                v   08-plan.json::tasks[0].dossierSources/*|copula-remna NO-DATA   ok
  calculation                v   08-plan.json::tasks[0].verificationCommands/*|copula FAIL      ok
  calculation                v   08-plan.json::tasks[0]/*|copula-remnant              FAIL      ok
  calculation                v   08-plan.json::tasks/*|copula-remnant                 FAIL      ok
  calculation                v   08-plan.json::tasks[0].id|copula-remnant             FAIL      ok
  calculation                v   08-plan.json::tasks[0].acceptance[0]|copula-remnant  NO-DATA   ok
  calculation                v   08-plan.json::tasks[0].dossierSources[0]|copula-remn NO-DATA   ok
  calculation                v   08-plan.json::tasks[0].verificationCommands[0]|copul FAIL      ok
  calculation                v   08-plan.json::tasks[0].verificationCommands[1]|copul FAIL      ok
  calculation                v   08-plan.json::*|todo-zero-width                      FAIL      ok
  calculation                v   08-plan.json::tasks[0].acceptance/*|todo-zero-width  NO-DATA   ok
  calculation                v   08-plan.json::tasks[0].dossierSources/*|todo-zero-wi NO-DATA   ok
  calculation                v   08-plan.json::tasks[0].verificationCommands/*|todo-z FAIL      ok
  calculation                v   08-plan.json::tasks[0]/*|todo-zero-width             FAIL      ok
  calculation                v   08-plan.json::tasks/*|todo-zero-width                FAIL      ok
  calculation                v   08-plan.json::tasks[0].id|todo-zero-width            FAIL      ok
  calculation                v   08-plan.json::tasks[0].acceptance[0]|todo-zero-width NO-DATA   ok
  calculation                v   08-plan.json::tasks[0].dossierSources[0]|todo-zero-w NO-DATA   ok
  calculation                v   08-plan.json::tasks[0].verificationCommands[0]|todo- FAIL      ok
  calculation                v   08-plan.json::tasks[0].verificationCommands[1]|todo- FAIL      ok
  calculation                v   08-plan.json::*|todo-soft-hyphen                     FAIL      ok
  calculation                v   08-plan.json::tasks[0].acceptance/*|todo-soft-hyphen NO-DATA   ok
  calculation                v   08-plan.json::tasks[0].dossierSources/*|todo-soft-hy NO-DATA   ok
  calculation                v   08-plan.json::tasks[0].verificationCommands/*|todo-s FAIL      ok
  calculation                v   08-plan.json::tasks[0]/*|todo-soft-hyphen            FAIL      ok
  calculation                v   08-plan.json::tasks/*|todo-soft-hyphen               FAIL      ok
  calculation                v   08-plan.json::tasks[0].id|todo-soft-hyphen           FAIL      ok
  calculation                v   08-plan.json::tasks[0].acceptance[0]|todo-soft-hyphe NO-DATA   ok
  calculation                v   08-plan.json::tasks[0].dossierSources[0]|todo-soft-h NO-DATA   ok
  calculation                v   08-plan.json::tasks[0].verificationCommands[0]|todo- FAIL      ok
  calculation                v   08-plan.json::tasks[0].verificationCommands[1]|todo- FAIL      ok
  calculation                v   08-plan.json::*|todo-fullwidth                       FAIL      ok
  calculation                v   08-plan.json::tasks[0].acceptance/*|todo-fullwidth   NO-DATA   ok
  calculation                v   08-plan.json::tasks[0].dossierSources/*|todo-fullwid NO-DATA   ok
  calculation                v   08-plan.json::tasks[0].verificationCommands/*|todo-f FAIL      ok
  calculation                v   08-plan.json::tasks[0]/*|todo-fullwidth              FAIL      ok
  calculation                v   08-plan.json::tasks/*|todo-fullwidth                 FAIL      ok
  calculation                v   08-plan.json::tasks[0].id|todo-fullwidth             FAIL      ok
  calculation                v   08-plan.json::tasks[0].acceptance[0]|todo-fullwidth  NO-DATA   ok
  calculation                v   08-plan.json::tasks[0].dossierSources[0]|todo-fullwi NO-DATA   ok
  calculation                v   08-plan.json::tasks[0].verificationCommands[0]|todo- FAIL      ok
  calculation                v   08-plan.json::tasks[0].verificationCommands[1]|todo- FAIL      ok
  calculation                v   08-plan.json::*|todo-small-caps                      FAIL      ok
  calculation                v   08-plan.json::tasks[0].acceptance/*|todo-small-caps  NO-DATA   ok
  calculation                v   08-plan.json::tasks[0].dossierSources/*|todo-small-c NO-DATA   ok
  calculation                v   08-plan.json::tasks[0].verificationCommands/*|todo-s FAIL      ok
  calculation                v   08-plan.json::tasks[0]/*|todo-small-caps             FAIL      ok
  calculation                v   08-plan.json::tasks/*|todo-small-caps                FAIL      ok
  calculation                v   08-plan.json::tasks[0].id|todo-small-caps            FAIL      ok
  calculation                v   08-plan.json::tasks[0].acceptance[0]|todo-small-caps NO-DATA   ok
  calculation                v   08-plan.json::tasks[0].dossierSources[0]|todo-small- NO-DATA   ok
  calculation                v   08-plan.json::tasks[0].verificationCommands[0]|todo- FAIL      ok
  calculation                v   08-plan.json::tasks[0].verificationCommands[1]|todo- FAIL      ok
  calculation                v   08-plan.json::*|tbd-small-caps                       FAIL      ok
  calculation                v   08-plan.json::tasks[0].acceptance/*|tbd-small-caps   NO-DATA   ok
  calculation                v   08-plan.json::tasks[0].dossierSources/*|tbd-small-ca NO-DATA   ok
  calculation                v   08-plan.json::tasks[0].verificationCommands/*|tbd-sm FAIL      ok
  calculation                v   08-plan.json::tasks[0]/*|tbd-small-caps              FAIL      ok
  calculation                v   08-plan.json::tasks/*|tbd-small-caps                 FAIL      ok
  calculation                v   08-plan.json::tasks[0].id|tbd-small-caps             FAIL      ok
  calculation                v   08-plan.json::tasks[0].acceptance[0]|tbd-small-caps  NO-DATA   ok
  calculation                v   08-plan.json::tasks[0].dossierSources[0]|tbd-small-c NO-DATA   ok
  calculation                v   08-plan.json::tasks[0].verificationCommands[0]|tbd-s FAIL      ok
  calculation                v   08-plan.json::tasks[0].verificationCommands[1]|tbd-s FAIL      ok
  calculation                v   08-plan.json::*|bracketed-tbd                        FAIL      ok
  calculation                v   08-plan.json::tasks[0].acceptance/*|bracketed-tbd    NO-DATA   ok
  calculation                v   08-plan.json::tasks[0].dossierSources/*|bracketed-tb NO-DATA   ok
  calculation                v   08-plan.json::tasks[0].verificationCommands/*|bracke FAIL      ok
  calculation                v   08-plan.json::tasks[0]/*|bracketed-tbd               FAIL      ok
  calculation                v   08-plan.json::tasks/*|bracketed-tbd                  FAIL      ok
  calculation                v   08-plan.json::tasks[0].id|bracketed-tbd              FAIL      ok
  calculation                v   08-plan.json::tasks[0].acceptance[0]|bracketed-tbd   NO-DATA   ok
  calculation                v   08-plan.json::tasks[0].dossierSources[0]|bracketed-t NO-DATA   ok
  calculation                v   08-plan.json::tasks[0].verificationCommands[0]|brack FAIL      ok
  calculation                v   08-plan.json::tasks[0].verificationCommands[1]|brack FAIL      ok
  calculation                n   08-plan.json::*|hash-comment                         FAIL      ok
  calculation                n   08-plan.json::tasks[0].acceptance/*|hash-comment     NO-DATA   ok
  calculation                n   08-plan.json::tasks[0].dossierSources/*|hash-comment NO-DATA   ok
  calculation                n   08-plan.json::tasks[0].verificationCommands/*|hash-c FAIL      ok
  calculation                n   08-plan.json::tasks[0]/*|hash-comment                FAIL      ok
  calculation                n   08-plan.json::tasks/*|hash-comment                   FAIL      ok
  calculation                n   08-plan.json::tasks[0].id|hash-comment               FAIL      ok
  calculation                n   08-plan.json::tasks[0].acceptance[0]|hash-comment    NO-DATA   ok
  calculation                n   08-plan.json::tasks[0].dossierSources[0]|hash-commen NO-DATA   ok
  calculation                n   08-plan.json::tasks[0].verificationCommands[0]|hash- FAIL      ok
  calculation                n   08-plan.json::tasks[0].verificationCommands[1]|hash- FAIL      ok
  calculation                n   08-plan.json::*|block-comment                        FAIL      ok
  calculation                n   08-plan.json::tasks[0].acceptance/*|block-comment    NO-DATA   ok
  calculation                n   08-plan.json::tasks[0].dossierSources/*|block-commen NO-DATA   ok
  calculation                n   08-plan.json::tasks[0].verificationCommands/*|block- FAIL      ok
  calculation                n   08-plan.json::tasks[0]/*|block-comment               FAIL      ok
  calculation                n   08-plan.json::tasks/*|block-comment                  FAIL      ok
  calculation                n   08-plan.json::tasks[0].id|block-comment              FAIL      ok
  calculation                n   08-plan.json::tasks[0].acceptance[0]|block-comment   NO-DATA   ok
  calculation                n   08-plan.json::tasks[0].dossierSources[0]|block-comme NO-DATA   ok
  calculation                n   08-plan.json::tasks[0].verificationCommands[0]|block FAIL      ok
  calculation                n   08-plan.json::tasks[0].verificationCommands[1]|block FAIL      ok
  calculation                n   08-plan.json::*|punctuation                          FAIL      ok
  calculation                n   08-plan.json::tasks[0].acceptance/*|punctuation      NO-DATA   ok
  calculation                n   08-plan.json::tasks[0].dossierSources/*|punctuation  NO-DATA   ok
  calculation                n   08-plan.json::tasks[0].verificationCommands/*|punctu FAIL      ok
  calculation                n   08-plan.json::tasks[0]/*|punctuation                 FAIL      ok
  calculation                n   08-plan.json::tasks/*|punctuation                    FAIL      ok
  calculation                n   08-plan.json::tasks[0].id|punctuation                FAIL      ok
  calculation                n   08-plan.json::tasks[0].acceptance[0]|punctuation     NO-DATA   ok
  calculation                n   08-plan.json::tasks[0].dossierSources[0]|punctuation NO-DATA   ok
  calculation                n   08-plan.json::tasks[0].verificationCommands[0]|punct FAIL      ok
  calculation                n   08-plan.json::tasks[0].verificationCommands[1]|punct FAIL      ok
  calculation                m   08-plan.json::*|nan                                  FAIL      ok
  calculation                m   08-plan.json::tasks[0].acceptance/*|nan              NO-DATA   ok
  calculation                m   08-plan.json::tasks[0].dossierSources/*|nan          NO-DATA   ok
  calculation                m   08-plan.json::tasks[0].verificationCommands/*|nan    FAIL      ok
  calculation                m   08-plan.json::tasks[0]/*|nan                         FAIL      ok
  calculation                m   08-plan.json::tasks/*|nan                            FAIL      ok
  calculation                m   08-plan.json::tasks[0].id|nan                        FAIL      ok
  calculation                m   08-plan.json::tasks[0].acceptance[0]|nan             NO-DATA   ok
  calculation                m   08-plan.json::tasks[0].dossierSources[0]|nan         NO-DATA   ok
  calculation                m   08-plan.json::tasks[0].verificationCommands[0]|nan   FAIL      ok
  calculation                m   08-plan.json::tasks[0].verificationCommands[1]|nan   FAIL      ok
  calculation                m   08-plan.json::*|infinity                             FAIL      ok
  calculation                m   08-plan.json::tasks[0].acceptance/*|infinity         NO-DATA   ok
  calculation                m   08-plan.json::tasks[0].dossierSources/*|infinity     NO-DATA   ok
  calculation                m   08-plan.json::tasks[0].verificationCommands/*|infini FAIL      ok
  calculation                m   08-plan.json::tasks[0]/*|infinity                    FAIL      ok
  calculation                m   08-plan.json::tasks/*|infinity                       FAIL      ok
  calculation                m   08-plan.json::tasks[0].id|infinity                   FAIL      ok
  calculation                m   08-plan.json::tasks[0].acceptance[0]|infinity        NO-DATA   ok
  calculation                m   08-plan.json::tasks[0].dossierSources[0]|infinity    NO-DATA   ok
  calculation                m   08-plan.json::tasks[0].verificationCommands[0]|infin FAIL      ok
  calculation                m   08-plan.json::tasks[0].verificationCommands[1]|infin FAIL      ok
  calculation                h   08-plan.json::tasks[0].acceptance=[{}]               NO-DATA   ok
  calculation                j   08-plan.json::tasks[0].acceptance=[]                 NO-DATA   ok
  calculation                h   08-plan.json::tasks[0].dossierSources=[{}]           NO-DATA   ok
  calculation                j   08-plan.json::tasks[0].dossierSources=[]             NO-DATA   ok
  calculation                h   08-plan.json::tasks[0].verificationCommands=[{}]     FAIL      ok
  calculation                j   08-plan.json::tasks[0].verificationCommands=[]       FAIL      ok
  calculation                h   08-plan.json::tasks=[{}]                             FAIL      ok
  calculation                j   08-plan.json::tasks=[]                               NO-DATA   ok
  calculation                i   08-plan.json::zero-bytes                             FAIL      ok
  calculation                i   declared-reads::zero-bytes                           FAIL      ok
  calculation                x   access::08-plan.json|chmod-000                       FAIL      ok
  calculation                x   access::08-plan.json|broken-symlink                  FAIL      ok
  calculation                x   access::08-plan.json|symlink-loop                    FAIL      ok
  calculation                x   access::08-plan.json|fifo                            FAIL      ok
  calculation                x   access::loop-beside-evidence                         PASS      ok
  calculation                x   access::08-plan.json|parent-chmod-000                FAIL      ok
  calculation                -> invocation accounting n/a: this tool runs every check unconditionally, so there is no fallback to fall into
  freshness                  a   a-empty-directory                                    NO-DATA   ok
  freshness                  b   b-declares-nothing                                   NO-DATA   ok
  freshness                  c   c-json-is-a-list                                     FAIL      ok
  freshness                  c   c-json-is-a-string                                   FAIL      ok
  freshness                  c   c-json-is-a-number                                   FAIL      ok
  freshness                  d   d-malformed-json                                     FAIL      ok
  freshness                  full full                                                 PASS      ok
  freshness                  n   08-plan.json::*|sql-comment-with-words               FAIL      ok
  freshness                  n   08-plan.json::*|not-a-measurement                    FAIL      ok
  freshness                  n   08-plan.json::*|number-in-a-text-field               FAIL      ok
  freshness                  e   08-plan.json::*|empty-string                         FAIL      ok
  freshness                  e   08-plan.json::dossierDigests/*|empty-string          FAIL      ok
  freshness                  e   08-plan.json::tasks[0]/*|empty-string                FAIL      ok
  freshness                  e   08-plan.json::tasks/*|empty-string                   FAIL      ok
  freshness                  e   08-plan.json::baseCommit|empty-string                FAIL      ok
  freshness                  e   08-plan.json::dossierDigests.03-adr.md|empty-string  FAIL      ok
  freshness                  e   08-plan.json::tasks[0].id|empty-string               FAIL      ok
  freshness                  f   08-plan.json::*|whitespace                           FAIL      ok
  freshness                  f   08-plan.json::dossierDigests/*|whitespace            FAIL      ok
  freshness                  f   08-plan.json::tasks[0]/*|whitespace                  FAIL      ok
  freshness                  f   08-plan.json::tasks/*|whitespace                     FAIL      ok
  freshness                  f   08-plan.json::baseCommit|whitespace                  FAIL      ok
  freshness                  f   08-plan.json::dossierDigests.03-adr.md|whitespace    FAIL      ok
  freshness                  f   08-plan.json::tasks[0].id|whitespace                 FAIL      ok
  freshness                  g   08-plan.json::*|null                                 FAIL      ok
  freshness                  g   08-plan.json::dossierDigests/*|null                  FAIL      ok
  freshness                  g   08-plan.json::tasks[0]/*|null                        FAIL      ok
  freshness                  g   08-plan.json::tasks/*|null                           FAIL      ok
  freshness                  g   08-plan.json::baseCommit|null                        FAIL      ok
  freshness                  g   08-plan.json::dossierDigests.03-adr.md|null          FAIL      ok
  freshness                  g   08-plan.json::tasks[0].id|null                       FAIL      ok
  freshness                  v   08-plan.json::*|todo                                 FAIL      ok
  freshness                  v   08-plan.json::dossierDigests/*|todo                  FAIL      ok
  freshness                  v   08-plan.json::tasks[0]/*|todo                        FAIL      ok
  freshness                  v   08-plan.json::tasks/*|todo                           FAIL      ok
  freshness                  v   08-plan.json::baseCommit|todo                        FAIL      ok
  freshness                  v   08-plan.json::dossierDigests.03-adr.md|todo          FAIL      ok
  freshness                  v   08-plan.json::tasks[0].id|todo                       FAIL      ok
  freshness                  v   08-plan.json::*|n-a                                  FAIL      ok
  freshness                  v   08-plan.json::dossierDigests/*|n-a                   FAIL      ok
  freshness                  v   08-plan.json::tasks[0]/*|n-a                         FAIL      ok
  freshness                  v   08-plan.json::tasks/*|n-a                            FAIL      ok
  freshness                  v   08-plan.json::baseCommit|n-a                         FAIL      ok
  freshness                  v   08-plan.json::dossierDigests.03-adr.md|n-a           FAIL      ok
  freshness                  v   08-plan.json::tasks[0].id|n-a                        FAIL      ok
  freshness                  v   08-plan.json::*|dash                                 FAIL      ok
  freshness                  v   08-plan.json::dossierDigests/*|dash                  FAIL      ok
  freshness                  v   08-plan.json::tasks[0]/*|dash                        FAIL      ok
  freshness                  v   08-plan.json::tasks/*|dash                           FAIL      ok
  freshness                  v   08-plan.json::baseCommit|dash                        FAIL      ok
  freshness                  v   08-plan.json::dossierDigests.03-adr.md|dash          FAIL      ok
  freshness                  v   08-plan.json::tasks[0].id|dash                       FAIL      ok
  freshness                  v   08-plan.json::*|copula-remnant                       FAIL      ok
  freshness                  v   08-plan.json::dossierDigests/*|copula-remnant        FAIL      ok
  freshness                  v   08-plan.json::tasks[0]/*|copula-remnant              FAIL      ok
  freshness                  v   08-plan.json::tasks/*|copula-remnant                 FAIL      ok
  freshness                  v   08-plan.json::baseCommit|copula-remnant              FAIL      ok
  freshness                  v   08-plan.json::dossierDigests.03-adr.md|copula-remnan FAIL      ok
  freshness                  v   08-plan.json::tasks[0].id|copula-remnant             FAIL      ok
  freshness                  v   08-plan.json::*|todo-zero-width                      FAIL      ok
  freshness                  v   08-plan.json::dossierDigests/*|todo-zero-width       FAIL      ok
  freshness                  v   08-plan.json::tasks[0]/*|todo-zero-width             FAIL      ok
  freshness                  v   08-plan.json::tasks/*|todo-zero-width                FAIL      ok
  freshness                  v   08-plan.json::baseCommit|todo-zero-width             FAIL      ok
  freshness                  v   08-plan.json::dossierDigests.03-adr.md|todo-zero-wid FAIL      ok
  freshness                  v   08-plan.json::tasks[0].id|todo-zero-width            FAIL      ok
  freshness                  v   08-plan.json::*|todo-soft-hyphen                     FAIL      ok
  freshness                  v   08-plan.json::dossierDigests/*|todo-soft-hyphen      FAIL      ok
  freshness                  v   08-plan.json::tasks[0]/*|todo-soft-hyphen            FAIL      ok
  freshness                  v   08-plan.json::tasks/*|todo-soft-hyphen               FAIL      ok
  freshness                  v   08-plan.json::baseCommit|todo-soft-hyphen            FAIL      ok
  freshness                  v   08-plan.json::dossierDigests.03-adr.md|todo-soft-hyp FAIL      ok
  freshness                  v   08-plan.json::tasks[0].id|todo-soft-hyphen           FAIL      ok
  freshness                  v   08-plan.json::*|todo-fullwidth                       FAIL      ok
  freshness                  v   08-plan.json::dossierDigests/*|todo-fullwidth        FAIL      ok
  freshness                  v   08-plan.json::tasks[0]/*|todo-fullwidth              FAIL      ok
  freshness                  v   08-plan.json::tasks/*|todo-fullwidth                 FAIL      ok
  freshness                  v   08-plan.json::baseCommit|todo-fullwidth              FAIL      ok
  freshness                  v   08-plan.json::dossierDigests.03-adr.md|todo-fullwidt FAIL      ok
  freshness                  v   08-plan.json::tasks[0].id|todo-fullwidth             FAIL      ok
  freshness                  v   08-plan.json::*|todo-small-caps                      FAIL      ok
  freshness                  v   08-plan.json::dossierDigests/*|todo-small-caps       FAIL      ok
  freshness                  v   08-plan.json::tasks[0]/*|todo-small-caps             FAIL      ok
  freshness                  v   08-plan.json::tasks/*|todo-small-caps                FAIL      ok
  freshness                  v   08-plan.json::baseCommit|todo-small-caps             FAIL      ok
  freshness                  v   08-plan.json::dossierDigests.03-adr.md|todo-small-ca FAIL      ok
  freshness                  v   08-plan.json::tasks[0].id|todo-small-caps            FAIL      ok
  freshness                  v   08-plan.json::*|tbd-small-caps                       FAIL      ok
  freshness                  v   08-plan.json::dossierDigests/*|tbd-small-caps        FAIL      ok
  freshness                  v   08-plan.json::tasks[0]/*|tbd-small-caps              FAIL      ok
  freshness                  v   08-plan.json::tasks/*|tbd-small-caps                 FAIL      ok
  freshness                  v   08-plan.json::baseCommit|tbd-small-caps              FAIL      ok
  freshness                  v   08-plan.json::dossierDigests.03-adr.md|tbd-small-cap FAIL      ok
  freshness                  v   08-plan.json::tasks[0].id|tbd-small-caps             FAIL      ok
  freshness                  v   08-plan.json::*|bracketed-tbd                        FAIL      ok
  freshness                  v   08-plan.json::dossierDigests/*|bracketed-tbd         FAIL      ok
  freshness                  v   08-plan.json::tasks[0]/*|bracketed-tbd               FAIL      ok
  freshness                  v   08-plan.json::tasks/*|bracketed-tbd                  FAIL      ok
  freshness                  v   08-plan.json::baseCommit|bracketed-tbd               FAIL      ok
  freshness                  v   08-plan.json::dossierDigests.03-adr.md|bracketed-tbd FAIL      ok
  freshness                  v   08-plan.json::tasks[0].id|bracketed-tbd              FAIL      ok
  freshness                  n   08-plan.json::*|hash-comment                         FAIL      ok
  freshness                  n   08-plan.json::dossierDigests/*|hash-comment          FAIL      ok
  freshness                  n   08-plan.json::tasks[0]/*|hash-comment                FAIL      ok
  freshness                  n   08-plan.json::tasks/*|hash-comment                   FAIL      ok
  freshness                  n   08-plan.json::baseCommit|hash-comment                FAIL      ok
  freshness                  n   08-plan.json::dossierDigests.03-adr.md|hash-comment  FAIL      ok
  freshness                  n   08-plan.json::tasks[0].id|hash-comment               FAIL      ok
  freshness                  n   08-plan.json::*|block-comment                        FAIL      ok
  freshness                  n   08-plan.json::dossierDigests/*|block-comment         FAIL      ok
  freshness                  n   08-plan.json::tasks[0]/*|block-comment               FAIL      ok
  freshness                  n   08-plan.json::tasks/*|block-comment                  FAIL      ok
  freshness                  n   08-plan.json::baseCommit|block-comment               FAIL      ok
  freshness                  n   08-plan.json::dossierDigests.03-adr.md|block-comment FAIL      ok
  freshness                  n   08-plan.json::tasks[0].id|block-comment              FAIL      ok
  freshness                  n   08-plan.json::*|punctuation                          FAIL      ok
  freshness                  n   08-plan.json::dossierDigests/*|punctuation           FAIL      ok
  freshness                  n   08-plan.json::tasks[0]/*|punctuation                 FAIL      ok
  freshness                  n   08-plan.json::tasks/*|punctuation                    FAIL      ok
  freshness                  n   08-plan.json::baseCommit|punctuation                 FAIL      ok
  freshness                  n   08-plan.json::dossierDigests.03-adr.md|punctuation   FAIL      ok
  freshness                  n   08-plan.json::tasks[0].id|punctuation                FAIL      ok
  freshness                  m   08-plan.json::*|nan                                  FAIL      ok
  freshness                  m   08-plan.json::dossierDigests/*|nan                   FAIL      ok
  freshness                  m   08-plan.json::tasks[0]/*|nan                         FAIL      ok
  freshness                  m   08-plan.json::tasks/*|nan                            FAIL      ok
  freshness                  m   08-plan.json::baseCommit|nan                         FAIL      ok
  freshness                  m   08-plan.json::dossierDigests.03-adr.md|nan           FAIL      ok
  freshness                  m   08-plan.json::tasks[0].id|nan                        FAIL      ok
  freshness                  m   08-plan.json::*|infinity                             FAIL      ok
  freshness                  m   08-plan.json::dossierDigests/*|infinity              FAIL      ok
  freshness                  m   08-plan.json::tasks[0]/*|infinity                    FAIL      ok
  freshness                  m   08-plan.json::tasks/*|infinity                       FAIL      ok
  freshness                  m   08-plan.json::baseCommit|infinity                    FAIL      ok
  freshness                  m   08-plan.json::dossierDigests.03-adr.md|infinity      FAIL      ok
  freshness                  m   08-plan.json::tasks[0].id|infinity                   FAIL      ok
  freshness                  h   08-plan.json::tasks=[{}]                             FAIL      ok
  freshness                  j   08-plan.json::tasks=[]                               NO-DATA   ok
  freshness                  i   08-plan.json::zero-bytes                             FAIL      ok
  freshness                  n   00-intake.json::*|sql-comment-with-words             FAIL      ok
  freshness                  n   00-intake.json::*|not-a-measurement                  FAIL      ok
  freshness                  n   00-intake.json::*|number-in-a-text-field             NO-DATA   ok
  freshness                  e   00-intake.json::*|empty-string                       NO-DATA   ok
  freshness                  e   00-intake.json::binding/*|empty-string               NO-DATA   ok
  freshness                  e   00-intake.json::binding.head|empty-string            NO-DATA   ok
  freshness                  f   00-intake.json::*|whitespace                         NO-DATA   ok
  freshness                  f   00-intake.json::binding/*|whitespace                 NO-DATA   ok
  freshness                  f   00-intake.json::binding.head|whitespace              NO-DATA   ok
  freshness                  g   00-intake.json::*|null                               NO-DATA   ok
  freshness                  g   00-intake.json::binding/*|null                       NO-DATA   ok
  freshness                  g   00-intake.json::binding.head|null                    NO-DATA   ok
  freshness                  v   00-intake.json::*|todo                               NO-DATA   ok
  freshness                  v   00-intake.json::binding/*|todo                       NO-DATA   ok
  freshness                  v   00-intake.json::binding.head|todo                    NO-DATA   ok
  freshness                  v   00-intake.json::*|n-a                                NO-DATA   ok
  freshness                  v   00-intake.json::binding/*|n-a                        NO-DATA   ok
  freshness                  v   00-intake.json::binding.head|n-a                     NO-DATA   ok
  freshness                  v   00-intake.json::*|dash                               NO-DATA   ok
  freshness                  v   00-intake.json::binding/*|dash                       NO-DATA   ok
  freshness                  v   00-intake.json::binding.head|dash                    NO-DATA   ok
  freshness                  v   00-intake.json::*|copula-remnant                     NO-DATA   ok
  freshness                  v   00-intake.json::binding/*|copula-remnant             NO-DATA   ok
  freshness                  v   00-intake.json::binding.head|copula-remnant          NO-DATA   ok
  freshness                  v   00-intake.json::*|todo-zero-width                    NO-DATA   ok
  freshness                  v   00-intake.json::binding/*|todo-zero-width            NO-DATA   ok
  freshness                  v   00-intake.json::binding.head|todo-zero-width         NO-DATA   ok
  freshness                  v   00-intake.json::*|todo-soft-hyphen                   NO-DATA   ok
  freshness                  v   00-intake.json::binding/*|todo-soft-hyphen           NO-DATA   ok
  freshness                  v   00-intake.json::binding.head|todo-soft-hyphen        NO-DATA   ok
  freshness                  v   00-intake.json::*|todo-fullwidth                     NO-DATA   ok
  freshness                  v   00-intake.json::binding/*|todo-fullwidth             NO-DATA   ok
  freshness                  v   00-intake.json::binding.head|todo-fullwidth          NO-DATA   ok
  freshness                  v   00-intake.json::*|todo-small-caps                    NO-DATA   ok
  freshness                  v   00-intake.json::binding/*|todo-small-caps            NO-DATA   ok
  freshness                  v   00-intake.json::binding.head|todo-small-caps         NO-DATA   ok
  freshness                  v   00-intake.json::*|tbd-small-caps                     NO-DATA   ok
  freshness                  v   00-intake.json::binding/*|tbd-small-caps             NO-DATA   ok
  freshness                  v   00-intake.json::binding.head|tbd-small-caps          NO-DATA   ok
  freshness                  v   00-intake.json::*|bracketed-tbd                      NO-DATA   ok
  freshness                  v   00-intake.json::binding/*|bracketed-tbd              NO-DATA   ok
  freshness                  v   00-intake.json::binding.head|bracketed-tbd           NO-DATA   ok
  freshness                  n   00-intake.json::*|hash-comment                       NO-DATA   ok
  freshness                  n   00-intake.json::binding/*|hash-comment               NO-DATA   ok
  freshness                  n   00-intake.json::binding.head|hash-comment            NO-DATA   ok
  freshness                  n   00-intake.json::*|block-comment                      NO-DATA   ok
  freshness                  n   00-intake.json::binding/*|block-comment              NO-DATA   ok
  freshness                  n   00-intake.json::binding.head|block-comment           NO-DATA   ok
  freshness                  n   00-intake.json::*|punctuation                        NO-DATA   ok
  freshness                  n   00-intake.json::binding/*|punctuation                NO-DATA   ok
  freshness                  n   00-intake.json::binding.head|punctuation             NO-DATA   ok
  freshness                  m   00-intake.json::*|nan                                NO-DATA   ok
  freshness                  m   00-intake.json::binding/*|nan                        NO-DATA   ok
  freshness                  m   00-intake.json::binding.head|nan                     NO-DATA   ok
  freshness                  m   00-intake.json::*|infinity                           NO-DATA   ok
  freshness                  m   00-intake.json::binding/*|infinity                   NO-DATA   ok
  freshness                  m   00-intake.json::binding.head|infinity                NO-DATA   ok
  freshness                  i   00-intake.json::zero-bytes                           FAIL      ok
  freshness                  f   03-adr.md::whitespace                                FAIL      ok
  freshness                  v   03-adr.md::vacuous-todo                              FAIL      ok
  freshness                  v   03-adr.md::every-section-todo                        FAIL      ok
  freshness                  v   03-adr.md::vacuous-n-a                               FAIL      ok
  freshness                  v   03-adr.md::every-section-n-a                         FAIL      ok
  freshness                  v   03-adr.md::vacuous-dash                              FAIL      ok
  freshness                  v   03-adr.md::every-section-dash                        FAIL      ok
  freshness                  v   03-adr.md::vacuous-copula-remnant                    FAIL      ok
  freshness                  v   03-adr.md::every-section-copula-remnant              FAIL      ok
  freshness                  v   03-adr.md::vacuous-todo-zero-width                   FAIL      ok
  freshness                  v   03-adr.md::every-section-todo-zero-width             FAIL      ok
  freshness                  v   03-adr.md::vacuous-todo-soft-hyphen                  FAIL      ok
  freshness                  v   03-adr.md::every-section-todo-soft-hyphen            FAIL      ok
  freshness                  v   03-adr.md::vacuous-todo-fullwidth                    FAIL      ok
  freshness                  v   03-adr.md::every-section-todo-fullwidth              FAIL      ok
  freshness                  v   03-adr.md::vacuous-todo-small-caps                   FAIL      ok
  freshness                  v   03-adr.md::every-section-todo-small-caps             FAIL      ok
  freshness                  v   03-adr.md::vacuous-tbd-small-caps                    FAIL      ok
  freshness                  v   03-adr.md::every-section-tbd-small-caps              FAIL      ok
  freshness                  v   03-adr.md::vacuous-bracketed-tbd                     FAIL      ok
  freshness                  v   03-adr.md::every-section-bracketed-tbd               FAIL      ok
  freshness                  s   03-adr.md##Decision                                  FAIL      ok
  freshness                  k   03-adr.md::commented-out                             FAIL      ok
  freshness                  k   03-adr.md##Decision|commented                        FAIL      ok
  freshness                  i   03-adr.md::zero-bytes                                FAIL      ok
  freshness                  i   declared-reads::zero-bytes                           FAIL      ok
  freshness                  x   access::08-plan.json|chmod-000                       FAIL      ok
  freshness                  x   access::08-plan.json|broken-symlink                  FAIL      ok
  freshness                  x   access::08-plan.json|symlink-loop                    FAIL      ok
  freshness                  x   access::08-plan.json|fifo                            FAIL      ok
  freshness                  x   access::loop-beside-evidence                         PASS      ok
  freshness                  x   access::08-plan.json|parent-chmod-000                FAIL      ok
  freshness                  -> invocation accounting n/a: this tool runs every check unconditionally, so there is no fallback to fall into

sbe_score.py.CHECKS  (12 checks discovered)
  ledger-coverage            a   a-empty-directory                                    NO-DATA   ok
  ledger-coverage            b   b-declares-nothing                                   NO-DATA   ok
  ledger-coverage            c   c-jsonl-line-is-a-string                             FAIL      ok
  ledger-coverage            c   c-jsonl-line-is-a-list                               FAIL      ok
  ledger-coverage            d   d-malformed-json                                     FAIL      ok
  ledger-coverage            full full                                                 PASS      ok
  ledger-coverage            n   99-System/telemetry/outcomes.jsonl::*|sql-comment-wi FAIL      ok
  ledger-coverage            n   99-System/telemetry/outcomes.jsonl::*|not-a-measurem FAIL      ok
  ledger-coverage            n   99-System/telemetry/outcomes.jsonl::*|number-in-a-te FAIL      ok
  ledger-coverage            e   99-System/telemetry/outcomes.jsonl::*|empty-string   FAIL      ok
  ledger-coverage            e   99-System/telemetry/outcomes.jsonl::[0]/*|empty-stri FAIL      ok
  ledger-coverage            e   99-System/telemetry/outcomes.jsonl::[0].session_id|e FAIL      ok
  ledger-coverage            e   99-System/telemetry/outcomes.jsonl::[0].ts|empty-str FAIL      ok
  ledger-coverage            f   99-System/telemetry/outcomes.jsonl::*|whitespace     FAIL      ok
  ledger-coverage            f   99-System/telemetry/outcomes.jsonl::[0]/*|whitespace FAIL      ok
  ledger-coverage            f   99-System/telemetry/outcomes.jsonl::[0].session_id|w FAIL      ok
  ledger-coverage            f   99-System/telemetry/outcomes.jsonl::[0].ts|whitespac FAIL      ok
  ledger-coverage            g   99-System/telemetry/outcomes.jsonl::*|null           FAIL      ok
  ledger-coverage            g   99-System/telemetry/outcomes.jsonl::[0]/*|null       FAIL      ok
  ledger-coverage            g   99-System/telemetry/outcomes.jsonl::[0].session_id|n FAIL      ok
  ledger-coverage            g   99-System/telemetry/outcomes.jsonl::[0].ts|null      FAIL      ok
  ledger-coverage            v   99-System/telemetry/outcomes.jsonl::*|todo           FAIL      ok
  ledger-coverage            v   99-System/telemetry/outcomes.jsonl::[0]/*|todo       FAIL      ok
  ledger-coverage            v   99-System/telemetry/outcomes.jsonl::[0].session_id|t FAIL      ok
  ledger-coverage            v   99-System/telemetry/outcomes.jsonl::[0].ts|todo      FAIL      ok
  ledger-coverage            v   99-System/telemetry/outcomes.jsonl::*|n-a            FAIL      ok
  ledger-coverage            v   99-System/telemetry/outcomes.jsonl::[0]/*|n-a        FAIL      ok
  ledger-coverage            v   99-System/telemetry/outcomes.jsonl::[0].session_id|n FAIL      ok
  ledger-coverage            v   99-System/telemetry/outcomes.jsonl::[0].ts|n-a       FAIL      ok
  ledger-coverage            v   99-System/telemetry/outcomes.jsonl::*|dash           FAIL      ok
  ledger-coverage            v   99-System/telemetry/outcomes.jsonl::[0]/*|dash       FAIL      ok
  ledger-coverage            v   99-System/telemetry/outcomes.jsonl::[0].session_id|d FAIL      ok
  ledger-coverage            v   99-System/telemetry/outcomes.jsonl::[0].ts|dash      FAIL      ok
  ledger-coverage            v   99-System/telemetry/outcomes.jsonl::*|copula-remnant FAIL      ok
  ledger-coverage            v   99-System/telemetry/outcomes.jsonl::[0]/*|copula-rem FAIL      ok
  ledger-coverage            v   99-System/telemetry/outcomes.jsonl::[0].session_id|c FAIL      ok
  ledger-coverage            v   99-System/telemetry/outcomes.jsonl::[0].ts|copula-re FAIL      ok
  ledger-coverage            v   99-System/telemetry/outcomes.jsonl::*|todo-zero-widt FAIL      ok
  ledger-coverage            v   99-System/telemetry/outcomes.jsonl::[0]/*|todo-zero- FAIL      ok
  ledger-coverage            v   99-System/telemetry/outcomes.jsonl::[0].session_id|t FAIL      ok
  ledger-coverage            v   99-System/telemetry/outcomes.jsonl::[0].ts|todo-zero FAIL      ok
  ledger-coverage            v   99-System/telemetry/outcomes.jsonl::*|todo-soft-hyph FAIL      ok
  ledger-coverage            v   99-System/telemetry/outcomes.jsonl::[0]/*|todo-soft- FAIL      ok
  ledger-coverage            v   99-System/telemetry/outcomes.jsonl::[0].session_id|t FAIL      ok
  ledger-coverage            v   99-System/telemetry/outcomes.jsonl::[0].ts|todo-soft FAIL      ok
  ledger-coverage            v   99-System/telemetry/outcomes.jsonl::*|todo-fullwidth FAIL      ok
  ledger-coverage            v   99-System/telemetry/outcomes.jsonl::[0]/*|todo-fullw FAIL      ok
  ledger-coverage            v   99-System/telemetry/outcomes.jsonl::[0].session_id|t FAIL      ok
  ledger-coverage            v   99-System/telemetry/outcomes.jsonl::[0].ts|todo-full FAIL      ok
  ledger-coverage            v   99-System/telemetry/outcomes.jsonl::*|todo-small-cap FAIL      ok
  ledger-coverage            v   99-System/telemetry/outcomes.jsonl::[0]/*|todo-small FAIL      ok
  ledger-coverage            v   99-System/telemetry/outcomes.jsonl::[0].session_id|t FAIL      ok
  ledger-coverage            v   99-System/telemetry/outcomes.jsonl::[0].ts|todo-smal FAIL      ok
  ledger-coverage            v   99-System/telemetry/outcomes.jsonl::*|tbd-small-caps FAIL      ok
  ledger-coverage            v   99-System/telemetry/outcomes.jsonl::[0]/*|tbd-small- FAIL      ok
  ledger-coverage            v   99-System/telemetry/outcomes.jsonl::[0].session_id|t FAIL      ok
  ledger-coverage            v   99-System/telemetry/outcomes.jsonl::[0].ts|tbd-small FAIL      ok
  ledger-coverage            v   99-System/telemetry/outcomes.jsonl::*|bracketed-tbd  FAIL      ok
  ledger-coverage            v   99-System/telemetry/outcomes.jsonl::[0]/*|bracketed- FAIL      ok
  ledger-coverage            v   99-System/telemetry/outcomes.jsonl::[0].session_id|b FAIL      ok
  ledger-coverage            v   99-System/telemetry/outcomes.jsonl::[0].ts|bracketed FAIL      ok
  ledger-coverage            n   99-System/telemetry/outcomes.jsonl::*|hash-comment   FAIL      ok
  ledger-coverage            n   99-System/telemetry/outcomes.jsonl::[0]/*|hash-comme FAIL      ok
  ledger-coverage            n   99-System/telemetry/outcomes.jsonl::[0].session_id|h FAIL      ok
  ledger-coverage            n   99-System/telemetry/outcomes.jsonl::[0].ts|hash-comm FAIL      ok
  ledger-coverage            n   99-System/telemetry/outcomes.jsonl::*|block-comment  FAIL      ok
  ledger-coverage            n   99-System/telemetry/outcomes.jsonl::[0]/*|block-comm FAIL      ok
  ledger-coverage            n   99-System/telemetry/outcomes.jsonl::[0].session_id|b FAIL      ok
  ledger-coverage            n   99-System/telemetry/outcomes.jsonl::[0].ts|block-com FAIL      ok
  ledger-coverage            n   99-System/telemetry/outcomes.jsonl::*|punctuation    FAIL      ok
  ledger-coverage            n   99-System/telemetry/outcomes.jsonl::[0]/*|punctuatio FAIL      ok
  ledger-coverage            n   99-System/telemetry/outcomes.jsonl::[0].session_id|p FAIL      ok
  ledger-coverage            n   99-System/telemetry/outcomes.jsonl::[0].ts|punctuati FAIL      ok
  ledger-coverage            m   99-System/telemetry/outcomes.jsonl::*|nan            FAIL      ok
  ledger-coverage            m   99-System/telemetry/outcomes.jsonl::[0]/*|nan        FAIL      ok
  ledger-coverage            m   99-System/telemetry/outcomes.jsonl::[0].session_id|n FAIL      ok
  ledger-coverage            m   99-System/telemetry/outcomes.jsonl::[0].ts|nan       FAIL      ok
  ledger-coverage            m   99-System/telemetry/outcomes.jsonl::*|infinity       FAIL      ok
  ledger-coverage            m   99-System/telemetry/outcomes.jsonl::[0]/*|infinity   FAIL      ok
  ledger-coverage            m   99-System/telemetry/outcomes.jsonl::[0].session_id|i FAIL      ok
  ledger-coverage            m   99-System/telemetry/outcomes.jsonl::[0].ts|infinity  FAIL      ok
  ledger-coverage            h   99-System/telemetry/outcomes.jsonl::<root>=[{}]      FAIL      ok
  ledger-coverage            j   99-System/telemetry/outcomes.jsonl::<root>=[]        NO-DATA   ok
  ledger-coverage            i   99-System/telemetry/outcomes.jsonl::zero-bytes       NO-DATA   ok
  ledger-coverage            i   declared-reads::zero-bytes                           NO-DATA   ok
  ledger-coverage            x   access::99-System/telemetry/outcomes.jsonl|chmod-000 FAIL      ok
  ledger-coverage            x   access::99-System/telemetry/outcomes.jsonl|broken-sy FAIL      ok
  ledger-coverage            x   access::99-System/telemetry/outcomes.jsonl|symlink-l FAIL      ok
  ledger-coverage            x   access::99-System/telemetry/outcomes.jsonl|fifo      FAIL      ok
  ledger-coverage            x   access::loop-beside-evidence                         PASS      ok
  ledger-coverage            x   access::99-System/telemetry/outcomes.jsonl|parent-ch FAIL      ok
  ledger-coverage            -> invocation accounting n/a: this tool runs every check unconditionally, so there is no fallback to fall into
  schema-2-uniform           a   a-empty-directory                                    NO-DATA   ok
  schema-2-uniform           b   b-declares-nothing                                   NO-DATA   ok
  schema-2-uniform           c   c-jsonl-line-is-a-string                             FAIL      ok
  schema-2-uniform           c   c-jsonl-line-is-a-list                               FAIL      ok
  schema-2-uniform           d   d-malformed-json                                     FAIL      ok
  schema-2-uniform           full full                                                 PASS      ok
  schema-2-uniform           n   99-System/telemetry/outcomes.jsonl::*|sql-comment-wi FAIL      ok
  schema-2-uniform           n   99-System/telemetry/outcomes.jsonl::*|not-a-measurem FAIL      ok
  schema-2-uniform           n   99-System/telemetry/outcomes.jsonl::*|number-in-a-te FAIL      ok
  schema-2-uniform           e   99-System/telemetry/outcomes.jsonl::*|empty-string   FAIL      ok
  schema-2-uniform           e   99-System/telemetry/outcomes.jsonl::[0]/*|empty-stri FAIL      ok
  schema-2-uniform           e   99-System/telemetry/outcomes.jsonl::[0].schema|empty FAIL      ok
  schema-2-uniform           e   99-System/telemetry/outcomes.jsonl::[0].session_id|e FAIL      ok
  schema-2-uniform           f   99-System/telemetry/outcomes.jsonl::*|whitespace     FAIL      ok
  schema-2-uniform           f   99-System/telemetry/outcomes.jsonl::[0]/*|whitespace FAIL      ok
  schema-2-uniform           f   99-System/telemetry/outcomes.jsonl::[0].schema|white FAIL      ok
  schema-2-uniform           f   99-System/telemetry/outcomes.jsonl::[0].session_id|w FAIL      ok
  schema-2-uniform           g   99-System/telemetry/outcomes.jsonl::*|null           FAIL      ok
  schema-2-uniform           g   99-System/telemetry/outcomes.jsonl::[0]/*|null       FAIL      ok
  schema-2-uniform           g   99-System/telemetry/outcomes.jsonl::[0].schema|null  FAIL      ok
  schema-2-uniform           g   99-System/telemetry/outcomes.jsonl::[0].session_id|n FAIL      ok
  schema-2-uniform           v   99-System/telemetry/outcomes.jsonl::*|todo           FAIL      ok
  schema-2-uniform           v   99-System/telemetry/outcomes.jsonl::[0]/*|todo       FAIL      ok
  schema-2-uniform           v   99-System/telemetry/outcomes.jsonl::[0].schema|todo  FAIL      ok
  schema-2-uniform           v   99-System/telemetry/outcomes.jsonl::[0].session_id|t FAIL      ok
  schema-2-uniform           v   99-System/telemetry/outcomes.jsonl::*|n-a            FAIL      ok
  schema-2-uniform           v   99-System/telemetry/outcomes.jsonl::[0]/*|n-a        FAIL      ok
  schema-2-uniform           v   99-System/telemetry/outcomes.jsonl::[0].schema|n-a   FAIL      ok
  schema-2-uniform           v   99-System/telemetry/outcomes.jsonl::[0].session_id|n FAIL      ok
  schema-2-uniform           v   99-System/telemetry/outcomes.jsonl::*|dash           FAIL      ok
  schema-2-uniform           v   99-System/telemetry/outcomes.jsonl::[0]/*|dash       FAIL      ok
  schema-2-uniform           v   99-System/telemetry/outcomes.jsonl::[0].schema|dash  FAIL      ok
  schema-2-uniform           v   99-System/telemetry/outcomes.jsonl::[0].session_id|d FAIL      ok
  schema-2-uniform           v   99-System/telemetry/outcomes.jsonl::*|copula-remnant FAIL      ok
  schema-2-uniform           v   99-System/telemetry/outcomes.jsonl::[0]/*|copula-rem FAIL      ok
  schema-2-uniform           v   99-System/telemetry/outcomes.jsonl::[0].schema|copul FAIL      ok
  schema-2-uniform           v   99-System/telemetry/outcomes.jsonl::[0].session_id|c FAIL      ok
  schema-2-uniform           v   99-System/telemetry/outcomes.jsonl::*|todo-zero-widt FAIL      ok
  schema-2-uniform           v   99-System/telemetry/outcomes.jsonl::[0]/*|todo-zero- FAIL      ok
  schema-2-uniform           v   99-System/telemetry/outcomes.jsonl::[0].schema|todo- FAIL      ok
  schema-2-uniform           v   99-System/telemetry/outcomes.jsonl::[0].session_id|t FAIL      ok
  schema-2-uniform           v   99-System/telemetry/outcomes.jsonl::*|todo-soft-hyph FAIL      ok
  schema-2-uniform           v   99-System/telemetry/outcomes.jsonl::[0]/*|todo-soft- FAIL      ok
  schema-2-uniform           v   99-System/telemetry/outcomes.jsonl::[0].schema|todo- FAIL      ok
  schema-2-uniform           v   99-System/telemetry/outcomes.jsonl::[0].session_id|t FAIL      ok
  schema-2-uniform           v   99-System/telemetry/outcomes.jsonl::*|todo-fullwidth FAIL      ok
  schema-2-uniform           v   99-System/telemetry/outcomes.jsonl::[0]/*|todo-fullw FAIL      ok
  schema-2-uniform           v   99-System/telemetry/outcomes.jsonl::[0].schema|todo- FAIL      ok
  schema-2-uniform           v   99-System/telemetry/outcomes.jsonl::[0].session_id|t FAIL      ok
  schema-2-uniform           v   99-System/telemetry/outcomes.jsonl::*|todo-small-cap FAIL      ok
  schema-2-uniform           v   99-System/telemetry/outcomes.jsonl::[0]/*|todo-small FAIL      ok
  schema-2-uniform           v   99-System/telemetry/outcomes.jsonl::[0].schema|todo- FAIL      ok
  schema-2-uniform           v   99-System/telemetry/outcomes.jsonl::[0].session_id|t FAIL      ok
  schema-2-uniform           v   99-System/telemetry/outcomes.jsonl::*|tbd-small-caps FAIL      ok
  schema-2-uniform           v   99-System/telemetry/outcomes.jsonl::[0]/*|tbd-small- FAIL      ok
  schema-2-uniform           v   99-System/telemetry/outcomes.jsonl::[0].schema|tbd-s FAIL      ok
  schema-2-uniform           v   99-System/telemetry/outcomes.jsonl::[0].session_id|t FAIL      ok
  schema-2-uniform           v   99-System/telemetry/outcomes.jsonl::*|bracketed-tbd  FAIL      ok
  schema-2-uniform           v   99-System/telemetry/outcomes.jsonl::[0]/*|bracketed- FAIL      ok
  schema-2-uniform           v   99-System/telemetry/outcomes.jsonl::[0].schema|brack FAIL      ok
  schema-2-uniform           v   99-System/telemetry/outcomes.jsonl::[0].session_id|b FAIL      ok
  schema-2-uniform           n   99-System/telemetry/outcomes.jsonl::*|hash-comment   FAIL      ok
  schema-2-uniform           n   99-System/telemetry/outcomes.jsonl::[0]/*|hash-comme FAIL      ok
  schema-2-uniform           n   99-System/telemetry/outcomes.jsonl::[0].schema|hash- FAIL      ok
  schema-2-uniform           n   99-System/telemetry/outcomes.jsonl::[0].session_id|h FAIL      ok
  schema-2-uniform           n   99-System/telemetry/outcomes.jsonl::*|block-comment  FAIL      ok
  schema-2-uniform           n   99-System/telemetry/outcomes.jsonl::[0]/*|block-comm FAIL      ok
  schema-2-uniform           n   99-System/telemetry/outcomes.jsonl::[0].schema|block FAIL      ok
  schema-2-uniform           n   99-System/telemetry/outcomes.jsonl::[0].session_id|b FAIL      ok
  schema-2-uniform           n   99-System/telemetry/outcomes.jsonl::*|punctuation    FAIL      ok
  schema-2-uniform           n   99-System/telemetry/outcomes.jsonl::[0]/*|punctuatio FAIL      ok
  schema-2-uniform           n   99-System/telemetry/outcomes.jsonl::[0].schema|punct FAIL      ok
  schema-2-uniform           n   99-System/telemetry/outcomes.jsonl::[0].session_id|p FAIL      ok
  schema-2-uniform           m   99-System/telemetry/outcomes.jsonl::*|nan            FAIL      ok
  schema-2-uniform           m   99-System/telemetry/outcomes.jsonl::[0]/*|nan        FAIL      ok
  schema-2-uniform           m   99-System/telemetry/outcomes.jsonl::[0].schema|nan   FAIL      ok
  schema-2-uniform           m   99-System/telemetry/outcomes.jsonl::[0].session_id|n FAIL      ok
  schema-2-uniform           m   99-System/telemetry/outcomes.jsonl::*|infinity       FAIL      ok
  schema-2-uniform           m   99-System/telemetry/outcomes.jsonl::[0]/*|infinity   FAIL      ok
  schema-2-uniform           m   99-System/telemetry/outcomes.jsonl::[0].schema|infin FAIL      ok
  schema-2-uniform           m   99-System/telemetry/outcomes.jsonl::[0].session_id|i FAIL      ok
  schema-2-uniform           h   99-System/telemetry/outcomes.jsonl::<root>=[{}]      FAIL      ok
  schema-2-uniform           j   99-System/telemetry/outcomes.jsonl::<root>=[]        NO-DATA   ok
  schema-2-uniform           i   99-System/telemetry/outcomes.jsonl::zero-bytes       NO-DATA   ok
  schema-2-uniform           i   declared-reads::zero-bytes                           NO-DATA   ok
  schema-2-uniform           x   access::99-System/telemetry/outcomes.jsonl|chmod-000 FAIL      ok
  schema-2-uniform           x   access::99-System/telemetry/outcomes.jsonl|broken-sy FAIL      ok
  schema-2-uniform           x   access::99-System/telemetry/outcomes.jsonl|symlink-l FAIL      ok
  schema-2-uniform           x   access::99-System/telemetry/outcomes.jsonl|fifo      FAIL      ok
  schema-2-uniform           x   access::loop-beside-evidence                         PASS      ok
  schema-2-uniform           x   access::99-System/telemetry/outcomes.jsonl|parent-ch FAIL      ok
  schema-2-uniform           -> invocation accounting n/a: this tool runs every check unconditionally, so there is no fallback to fall into
  cache-economy              a   a-empty-directory                                    NO-DATA   ok
  cache-economy              b   b-declares-nothing                                   NO-DATA   ok
  cache-economy              c   c-jsonl-line-is-a-string                             FAIL      ok
  cache-economy              c   c-jsonl-line-is-a-list                               FAIL      ok
  cache-economy              d   d-malformed-json                                     FAIL      ok
  cache-economy              full full                                                 PASS      ok
  cache-economy              n   99-System/telemetry/outcomes.jsonl::*|sql-comment-wi FAIL      ok
  cache-economy              n   99-System/telemetry/outcomes.jsonl::*|not-a-measurem FAIL      ok
  cache-economy              n   99-System/telemetry/outcomes.jsonl::*|number-in-a-te FAIL      ok
  cache-economy              e   99-System/telemetry/outcomes.jsonl::*|empty-string   FAIL      ok
  cache-economy              e   99-System/telemetry/outcomes.jsonl::[0]/*|empty-stri FAIL      ok
  cache-economy              e   99-System/telemetry/outcomes.jsonl::[0].session_id|e FAIL      ok
  cache-economy              e   99-System/telemetry/outcomes.jsonl::[0].ts|empty-str FAIL      ok
  cache-economy              e   99-System/telemetry/outcomes.jsonl::[0].cache_read|e FAIL      ok
  cache-economy              e   99-System/telemetry/outcomes.jsonl::[0].cache_write| FAIL      ok
  cache-economy              f   99-System/telemetry/outcomes.jsonl::*|whitespace     FAIL      ok
  cache-economy              f   99-System/telemetry/outcomes.jsonl::[0]/*|whitespace FAIL      ok
  cache-economy              f   99-System/telemetry/outcomes.jsonl::[0].session_id|w FAIL      ok
  cache-economy              f   99-System/telemetry/outcomes.jsonl::[0].ts|whitespac FAIL      ok
  cache-economy              f   99-System/telemetry/outcomes.jsonl::[0].cache_read|w FAIL      ok
  cache-economy              f   99-System/telemetry/outcomes.jsonl::[0].cache_write| FAIL      ok
  cache-economy              g   99-System/telemetry/outcomes.jsonl::*|null           FAIL      ok
  cache-economy              g   99-System/telemetry/outcomes.jsonl::[0]/*|null       FAIL      ok
  cache-economy              g   99-System/telemetry/outcomes.jsonl::[0].session_id|n FAIL      ok
  cache-economy              g   99-System/telemetry/outcomes.jsonl::[0].ts|null      FAIL      ok
  cache-economy              g   99-System/telemetry/outcomes.jsonl::[0].cache_read|n FAIL      ok
  cache-economy              g   99-System/telemetry/outcomes.jsonl::[0].cache_write| FAIL      ok
  cache-economy              v   99-System/telemetry/outcomes.jsonl::*|todo           FAIL      ok
  cache-economy              v   99-System/telemetry/outcomes.jsonl::[0]/*|todo       FAIL      ok
  cache-economy              v   99-System/telemetry/outcomes.jsonl::[0].session_id|t FAIL      ok
  cache-economy              v   99-System/telemetry/outcomes.jsonl::[0].ts|todo      FAIL      ok
  cache-economy              v   99-System/telemetry/outcomes.jsonl::[0].cache_read|t FAIL      ok
  cache-economy              v   99-System/telemetry/outcomes.jsonl::[0].cache_write| FAIL      ok
  cache-economy              v   99-System/telemetry/outcomes.jsonl::*|n-a            FAIL      ok
  cache-economy              v   99-System/telemetry/outcomes.jsonl::[0]/*|n-a        FAIL      ok
  cache-economy              v   99-System/telemetry/outcomes.jsonl::[0].session_id|n FAIL      ok
  cache-economy              v   99-System/telemetry/outcomes.jsonl::[0].ts|n-a       FAIL      ok
  cache-economy              v   99-System/telemetry/outcomes.jsonl::[0].cache_read|n FAIL      ok
  cache-economy              v   99-System/telemetry/outcomes.jsonl::[0].cache_write| FAIL      ok
  cache-economy              v   99-System/telemetry/outcomes.jsonl::*|dash           FAIL      ok
  cache-economy              v   99-System/telemetry/outcomes.jsonl::[0]/*|dash       FAIL      ok
  cache-economy              v   99-System/telemetry/outcomes.jsonl::[0].session_id|d FAIL      ok
  cache-economy              v   99-System/telemetry/outcomes.jsonl::[0].ts|dash      FAIL      ok
  cache-economy              v   99-System/telemetry/outcomes.jsonl::[0].cache_read|d FAIL      ok
  cache-economy              v   99-System/telemetry/outcomes.jsonl::[0].cache_write| FAIL      ok
  cache-economy              v   99-System/telemetry/outcomes.jsonl::*|copula-remnant FAIL      ok
  cache-economy              v   99-System/telemetry/outcomes.jsonl::[0]/*|copula-rem FAIL      ok
  cache-economy              v   99-System/telemetry/outcomes.jsonl::[0].session_id|c FAIL      ok
  cache-economy              v   99-System/telemetry/outcomes.jsonl::[0].ts|copula-re FAIL      ok
  cache-economy              v   99-System/telemetry/outcomes.jsonl::[0].cache_read|c FAIL      ok
  cache-economy              v   99-System/telemetry/outcomes.jsonl::[0].cache_write| FAIL      ok
  cache-economy              v   99-System/telemetry/outcomes.jsonl::*|todo-zero-widt FAIL      ok
  cache-economy              v   99-System/telemetry/outcomes.jsonl::[0]/*|todo-zero- FAIL      ok
  cache-economy              v   99-System/telemetry/outcomes.jsonl::[0].session_id|t FAIL      ok
  cache-economy              v   99-System/telemetry/outcomes.jsonl::[0].ts|todo-zero FAIL      ok
  cache-economy              v   99-System/telemetry/outcomes.jsonl::[0].cache_read|t FAIL      ok
  cache-economy              v   99-System/telemetry/outcomes.jsonl::[0].cache_write| FAIL      ok
  cache-economy              v   99-System/telemetry/outcomes.jsonl::*|todo-soft-hyph FAIL      ok
  cache-economy              v   99-System/telemetry/outcomes.jsonl::[0]/*|todo-soft- FAIL      ok
  cache-economy              v   99-System/telemetry/outcomes.jsonl::[0].session_id|t FAIL      ok
  cache-economy              v   99-System/telemetry/outcomes.jsonl::[0].ts|todo-soft FAIL      ok
  cache-economy              v   99-System/telemetry/outcomes.jsonl::[0].cache_read|t FAIL      ok
  cache-economy              v   99-System/telemetry/outcomes.jsonl::[0].cache_write| FAIL      ok
  cache-economy              v   99-System/telemetry/outcomes.jsonl::*|todo-fullwidth FAIL      ok
  cache-economy              v   99-System/telemetry/outcomes.jsonl::[0]/*|todo-fullw FAIL      ok
  cache-economy              v   99-System/telemetry/outcomes.jsonl::[0].session_id|t FAIL      ok
  cache-economy              v   99-System/telemetry/outcomes.jsonl::[0].ts|todo-full FAIL      ok
  cache-economy              v   99-System/telemetry/outcomes.jsonl::[0].cache_read|t FAIL      ok
  cache-economy              v   99-System/telemetry/outcomes.jsonl::[0].cache_write| FAIL      ok
  cache-economy              v   99-System/telemetry/outcomes.jsonl::*|todo-small-cap FAIL      ok
  cache-economy              v   99-System/telemetry/outcomes.jsonl::[0]/*|todo-small FAIL      ok
  cache-economy              v   99-System/telemetry/outcomes.jsonl::[0].session_id|t FAIL      ok
  cache-economy              v   99-System/telemetry/outcomes.jsonl::[0].ts|todo-smal FAIL      ok
  cache-economy              v   99-System/telemetry/outcomes.jsonl::[0].cache_read|t FAIL      ok
  cache-economy              v   99-System/telemetry/outcomes.jsonl::[0].cache_write| FAIL      ok
  cache-economy              v   99-System/telemetry/outcomes.jsonl::*|tbd-small-caps FAIL      ok
  cache-economy              v   99-System/telemetry/outcomes.jsonl::[0]/*|tbd-small- FAIL      ok
  cache-economy              v   99-System/telemetry/outcomes.jsonl::[0].session_id|t FAIL      ok
  cache-economy              v   99-System/telemetry/outcomes.jsonl::[0].ts|tbd-small FAIL      ok
  cache-economy              v   99-System/telemetry/outcomes.jsonl::[0].cache_read|t FAIL      ok
  cache-economy              v   99-System/telemetry/outcomes.jsonl::[0].cache_write| FAIL      ok
  cache-economy              v   99-System/telemetry/outcomes.jsonl::*|bracketed-tbd  FAIL      ok
  cache-economy              v   99-System/telemetry/outcomes.jsonl::[0]/*|bracketed- FAIL      ok
  cache-economy              v   99-System/telemetry/outcomes.jsonl::[0].session_id|b FAIL      ok
  cache-economy              v   99-System/telemetry/outcomes.jsonl::[0].ts|bracketed FAIL      ok
  cache-economy              v   99-System/telemetry/outcomes.jsonl::[0].cache_read|b FAIL      ok
  cache-economy              v   99-System/telemetry/outcomes.jsonl::[0].cache_write| FAIL      ok
  cache-economy              n   99-System/telemetry/outcomes.jsonl::*|hash-comment   FAIL      ok
  cache-economy              n   99-System/telemetry/outcomes.jsonl::[0]/*|hash-comme FAIL      ok
  cache-economy              n   99-System/telemetry/outcomes.jsonl::[0].session_id|h FAIL      ok
  cache-economy              n   99-System/telemetry/outcomes.jsonl::[0].ts|hash-comm FAIL      ok
  cache-economy              n   99-System/telemetry/outcomes.jsonl::[0].cache_read|h FAIL      ok
  cache-economy              n   99-System/telemetry/outcomes.jsonl::[0].cache_write| FAIL      ok
  cache-economy              n   99-System/telemetry/outcomes.jsonl::*|block-comment  FAIL      ok
  cache-economy              n   99-System/telemetry/outcomes.jsonl::[0]/*|block-comm FAIL      ok
  cache-economy              n   99-System/telemetry/outcomes.jsonl::[0].session_id|b FAIL      ok
  cache-economy              n   99-System/telemetry/outcomes.jsonl::[0].ts|block-com FAIL      ok
  cache-economy              n   99-System/telemetry/outcomes.jsonl::[0].cache_read|b FAIL      ok
  cache-economy              n   99-System/telemetry/outcomes.jsonl::[0].cache_write| FAIL      ok
  cache-economy              n   99-System/telemetry/outcomes.jsonl::*|punctuation    FAIL      ok
  cache-economy              n   99-System/telemetry/outcomes.jsonl::[0]/*|punctuatio FAIL      ok
  cache-economy              n   99-System/telemetry/outcomes.jsonl::[0].session_id|p FAIL      ok
  cache-economy              n   99-System/telemetry/outcomes.jsonl::[0].ts|punctuati FAIL      ok
  cache-economy              n   99-System/telemetry/outcomes.jsonl::[0].cache_read|p FAIL      ok
  cache-economy              n   99-System/telemetry/outcomes.jsonl::[0].cache_write| FAIL      ok
  cache-economy              m   99-System/telemetry/outcomes.jsonl::*|nan            FAIL      ok
  cache-economy              m   99-System/telemetry/outcomes.jsonl::[0]/*|nan        FAIL      ok
  cache-economy              m   99-System/telemetry/outcomes.jsonl::[0].session_id|n FAIL      ok
  cache-economy              m   99-System/telemetry/outcomes.jsonl::[0].ts|nan       FAIL      ok
  cache-economy              m   99-System/telemetry/outcomes.jsonl::[0].cache_read|n FAIL      ok
  cache-economy              m   99-System/telemetry/outcomes.jsonl::[0].cache_write| FAIL      ok
  cache-economy              m   99-System/telemetry/outcomes.jsonl::*|infinity       FAIL      ok
  cache-economy              m   99-System/telemetry/outcomes.jsonl::[0]/*|infinity   FAIL      ok
  cache-economy              m   99-System/telemetry/outcomes.jsonl::[0].session_id|i FAIL      ok
  cache-economy              m   99-System/telemetry/outcomes.jsonl::[0].ts|infinity  FAIL      ok
  cache-economy              m   99-System/telemetry/outcomes.jsonl::[0].cache_read|i FAIL      ok
  cache-economy              m   99-System/telemetry/outcomes.jsonl::[0].cache_write| FAIL      ok
  cache-economy              h   99-System/telemetry/outcomes.jsonl::<root>=[{}]      FAIL      ok
  cache-economy              j   99-System/telemetry/outcomes.jsonl::<root>=[]        NO-DATA   ok
  cache-economy              i   99-System/telemetry/outcomes.jsonl::zero-bytes       NO-DATA   ok
  cache-economy              i   declared-reads::zero-bytes                           NO-DATA   ok
  cache-economy              x   access::99-System/telemetry/outcomes.jsonl|chmod-000 FAIL      ok
  cache-economy              x   access::99-System/telemetry/outcomes.jsonl|broken-sy FAIL      ok
  cache-economy              x   access::99-System/telemetry/outcomes.jsonl|symlink-l FAIL      ok
  cache-economy              x   access::99-System/telemetry/outcomes.jsonl|fifo      FAIL      ok
  cache-economy              x   access::loop-beside-evidence                         PASS      ok
  cache-economy              x   access::99-System/telemetry/outcomes.jsonl|parent-ch FAIL      ok
  cache-economy              -> invocation accounting n/a: this tool runs every check unconditionally, so there is no fallback to fall into
  vault-log-per-active-day   a   a-empty-directory                                    NO-DATA   ok
  vault-log-per-active-day   b   b-declares-nothing                                   NO-DATA   ok
  vault-log-per-active-day   c   c-jsonl-line-is-a-string                             FAIL      ok
  vault-log-per-active-day   c   c-jsonl-line-is-a-list                               FAIL      ok
  vault-log-per-active-day   d   d-malformed-json                                     FAIL      ok
  vault-log-per-active-day   full full                                                 PASS      ok
  vault-log-per-active-day   n   99-System/telemetry/outcomes.jsonl::*|sql-comment-wi NO-DATA   ok
  vault-log-per-active-day   n   99-System/telemetry/outcomes.jsonl::*|not-a-measurem NO-DATA   ok
  vault-log-per-active-day   n   99-System/telemetry/outcomes.jsonl::*|number-in-a-te FAIL      ok
  vault-log-per-active-day   e   99-System/telemetry/outcomes.jsonl::*|empty-string   FAIL      ok
  vault-log-per-active-day   e   99-System/telemetry/outcomes.jsonl::[0]/*|empty-stri FAIL      ok
  vault-log-per-active-day   e   99-System/telemetry/outcomes.jsonl::[0].session_id|e FAIL      ok
  vault-log-per-active-day   e   99-System/telemetry/outcomes.jsonl::[0].ts|empty-str NO-DATA   ok
  vault-log-per-active-day   f   99-System/telemetry/outcomes.jsonl::*|whitespace     FAIL      ok
  vault-log-per-active-day   f   99-System/telemetry/outcomes.jsonl::[0]/*|whitespace FAIL      ok
  vault-log-per-active-day   f   99-System/telemetry/outcomes.jsonl::[0].session_id|w FAIL      ok
  vault-log-per-active-day   f   99-System/telemetry/outcomes.jsonl::[0].ts|whitespac NO-DATA   ok
  vault-log-per-active-day   g   99-System/telemetry/outcomes.jsonl::*|null           FAIL      ok
  vault-log-per-active-day   g   99-System/telemetry/outcomes.jsonl::[0]/*|null       FAIL      ok
  vault-log-per-active-day   g   99-System/telemetry/outcomes.jsonl::[0].session_id|n FAIL      ok
  vault-log-per-active-day   g   99-System/telemetry/outcomes.jsonl::[0].ts|null      NO-DATA   ok
  vault-log-per-active-day   v   99-System/telemetry/outcomes.jsonl::*|todo           FAIL      ok
  vault-log-per-active-day   v   99-System/telemetry/outcomes.jsonl::[0]/*|todo       FAIL      ok
  vault-log-per-active-day   v   99-System/telemetry/outcomes.jsonl::[0].session_id|t FAIL      ok
  vault-log-per-active-day   v   99-System/telemetry/outcomes.jsonl::[0].ts|todo      NO-DATA   ok
  vault-log-per-active-day   v   99-System/telemetry/outcomes.jsonl::*|n-a            FAIL      ok
  vault-log-per-active-day   v   99-System/telemetry/outcomes.jsonl::[0]/*|n-a        FAIL      ok
  vault-log-per-active-day   v   99-System/telemetry/outcomes.jsonl::[0].session_id|n FAIL      ok
  vault-log-per-active-day   v   99-System/telemetry/outcomes.jsonl::[0].ts|n-a       NO-DATA   ok
  vault-log-per-active-day   v   99-System/telemetry/outcomes.jsonl::*|dash           FAIL      ok
  vault-log-per-active-day   v   99-System/telemetry/outcomes.jsonl::[0]/*|dash       FAIL      ok
  vault-log-per-active-day   v   99-System/telemetry/outcomes.jsonl::[0].session_id|d FAIL      ok
  vault-log-per-active-day   v   99-System/telemetry/outcomes.jsonl::[0].ts|dash      NO-DATA   ok
  vault-log-per-active-day   v   99-System/telemetry/outcomes.jsonl::*|copula-remnant FAIL      ok
  vault-log-per-active-day   v   99-System/telemetry/outcomes.jsonl::[0]/*|copula-rem FAIL      ok
  vault-log-per-active-day   v   99-System/telemetry/outcomes.jsonl::[0].session_id|c FAIL      ok
  vault-log-per-active-day   v   99-System/telemetry/outcomes.jsonl::[0].ts|copula-re NO-DATA   ok
  vault-log-per-active-day   v   99-System/telemetry/outcomes.jsonl::*|todo-zero-widt FAIL      ok
  vault-log-per-active-day   v   99-System/telemetry/outcomes.jsonl::[0]/*|todo-zero- FAIL      ok
  vault-log-per-active-day   v   99-System/telemetry/outcomes.jsonl::[0].session_id|t FAIL      ok
  vault-log-per-active-day   v   99-System/telemetry/outcomes.jsonl::[0].ts|todo-zero NO-DATA   ok
  vault-log-per-active-day   v   99-System/telemetry/outcomes.jsonl::*|todo-soft-hyph FAIL      ok
  vault-log-per-active-day   v   99-System/telemetry/outcomes.jsonl::[0]/*|todo-soft- FAIL      ok
  vault-log-per-active-day   v   99-System/telemetry/outcomes.jsonl::[0].session_id|t FAIL      ok
  vault-log-per-active-day   v   99-System/telemetry/outcomes.jsonl::[0].ts|todo-soft NO-DATA   ok
  vault-log-per-active-day   v   99-System/telemetry/outcomes.jsonl::*|todo-fullwidth FAIL      ok
  vault-log-per-active-day   v   99-System/telemetry/outcomes.jsonl::[0]/*|todo-fullw FAIL      ok
  vault-log-per-active-day   v   99-System/telemetry/outcomes.jsonl::[0].session_id|t FAIL      ok
  vault-log-per-active-day   v   99-System/telemetry/outcomes.jsonl::[0].ts|todo-full NO-DATA   ok
  vault-log-per-active-day   v   99-System/telemetry/outcomes.jsonl::*|todo-small-cap FAIL      ok
  vault-log-per-active-day   v   99-System/telemetry/outcomes.jsonl::[0]/*|todo-small FAIL      ok
  vault-log-per-active-day   v   99-System/telemetry/outcomes.jsonl::[0].session_id|t FAIL      ok
  vault-log-per-active-day   v   99-System/telemetry/outcomes.jsonl::[0].ts|todo-smal NO-DATA   ok
  vault-log-per-active-day   v   99-System/telemetry/outcomes.jsonl::*|tbd-small-caps FAIL      ok
  vault-log-per-active-day   v   99-System/telemetry/outcomes.jsonl::[0]/*|tbd-small- FAIL      ok
  vault-log-per-active-day   v   99-System/telemetry/outcomes.jsonl::[0].session_id|t FAIL      ok
  vault-log-per-active-day   v   99-System/telemetry/outcomes.jsonl::[0].ts|tbd-small NO-DATA   ok
  vault-log-per-active-day   v   99-System/telemetry/outcomes.jsonl::*|bracketed-tbd  FAIL      ok
  vault-log-per-active-day   v   99-System/telemetry/outcomes.jsonl::[0]/*|bracketed- FAIL      ok
  vault-log-per-active-day   v   99-System/telemetry/outcomes.jsonl::[0].session_id|b FAIL      ok
  vault-log-per-active-day   v   99-System/telemetry/outcomes.jsonl::[0].ts|bracketed NO-DATA   ok
  vault-log-per-active-day   n   99-System/telemetry/outcomes.jsonl::*|hash-comment   FAIL      ok
  vault-log-per-active-day   n   99-System/telemetry/outcomes.jsonl::[0]/*|hash-comme FAIL      ok
  vault-log-per-active-day   n   99-System/telemetry/outcomes.jsonl::[0].session_id|h FAIL      ok
  vault-log-per-active-day   n   99-System/telemetry/outcomes.jsonl::[0].ts|hash-comm NO-DATA   ok
  vault-log-per-active-day   n   99-System/telemetry/outcomes.jsonl::*|block-comment  FAIL      ok
  vault-log-per-active-day   n   99-System/telemetry/outcomes.jsonl::[0]/*|block-comm FAIL      ok
  vault-log-per-active-day   n   99-System/telemetry/outcomes.jsonl::[0].session_id|b FAIL      ok
  vault-log-per-active-day   n   99-System/telemetry/outcomes.jsonl::[0].ts|block-com NO-DATA   ok
  vault-log-per-active-day   n   99-System/telemetry/outcomes.jsonl::*|punctuation    FAIL      ok
  vault-log-per-active-day   n   99-System/telemetry/outcomes.jsonl::[0]/*|punctuatio FAIL      ok
  vault-log-per-active-day   n   99-System/telemetry/outcomes.jsonl::[0].session_id|p FAIL      ok
  vault-log-per-active-day   n   99-System/telemetry/outcomes.jsonl::[0].ts|punctuati NO-DATA   ok
  vault-log-per-active-day   m   99-System/telemetry/outcomes.jsonl::*|nan            FAIL      ok
  vault-log-per-active-day   m   99-System/telemetry/outcomes.jsonl::[0]/*|nan        FAIL      ok
  vault-log-per-active-day   m   99-System/telemetry/outcomes.jsonl::[0].session_id|n FAIL      ok
  vault-log-per-active-day   m   99-System/telemetry/outcomes.jsonl::[0].ts|nan       NO-DATA   ok
  vault-log-per-active-day   m   99-System/telemetry/outcomes.jsonl::*|infinity       FAIL      ok
  vault-log-per-active-day   m   99-System/telemetry/outcomes.jsonl::[0]/*|infinity   FAIL      ok
  vault-log-per-active-day   m   99-System/telemetry/outcomes.jsonl::[0].session_id|i FAIL      ok
  vault-log-per-active-day   m   99-System/telemetry/outcomes.jsonl::[0].ts|infinity  NO-DATA   ok
  vault-log-per-active-day   h   99-System/telemetry/outcomes.jsonl::<root>=[{}]      NO-DATA   ok
  vault-log-per-active-day   j   99-System/telemetry/outcomes.jsonl::<root>=[]        NO-DATA   ok
  vault-log-per-active-day   i   99-System/telemetry/outcomes.jsonl::zero-bytes       NO-DATA   ok
  vault-log-per-active-day   f   10-Projects/demo/Sessions/%(today)s-session.md::whit FAIL      ok
  vault-log-per-active-day   v   10-Projects/demo/Sessions/%(today)s-session.md::vacu FAIL      ok
  vault-log-per-active-day   v   10-Projects/demo/Sessions/%(today)s-session.md::ever FAIL      ok
  vault-log-per-active-day   v   10-Projects/demo/Sessions/%(today)s-session.md::vacu FAIL      ok
  vault-log-per-active-day   v   10-Projects/demo/Sessions/%(today)s-session.md::ever FAIL      ok
  vault-log-per-active-day   v   10-Projects/demo/Sessions/%(today)s-session.md::vacu FAIL      ok
  vault-log-per-active-day   v   10-Projects/demo/Sessions/%(today)s-session.md::ever FAIL      ok
  vault-log-per-active-day   v   10-Projects/demo/Sessions/%(today)s-session.md::vacu FAIL      ok
  vault-log-per-active-day   v   10-Projects/demo/Sessions/%(today)s-session.md::ever FAIL      ok
  vault-log-per-active-day   v   10-Projects/demo/Sessions/%(today)s-session.md::vacu FAIL      ok
  vault-log-per-active-day   v   10-Projects/demo/Sessions/%(today)s-session.md::ever FAIL      ok
  vault-log-per-active-day   v   10-Projects/demo/Sessions/%(today)s-session.md::vacu FAIL      ok
  vault-log-per-active-day   v   10-Projects/demo/Sessions/%(today)s-session.md::ever FAIL      ok
  vault-log-per-active-day   v   10-Projects/demo/Sessions/%(today)s-session.md::vacu FAIL      ok
  vault-log-per-active-day   v   10-Projects/demo/Sessions/%(today)s-session.md::ever FAIL      ok
  vault-log-per-active-day   v   10-Projects/demo/Sessions/%(today)s-session.md::vacu FAIL      ok
  vault-log-per-active-day   v   10-Projects/demo/Sessions/%(today)s-session.md::ever FAIL      ok
  vault-log-per-active-day   v   10-Projects/demo/Sessions/%(today)s-session.md::vacu FAIL      ok
  vault-log-per-active-day   v   10-Projects/demo/Sessions/%(today)s-session.md::ever FAIL      ok
  vault-log-per-active-day   v   10-Projects/demo/Sessions/%(today)s-session.md::vacu FAIL      ok
  vault-log-per-active-day   v   10-Projects/demo/Sessions/%(today)s-session.md::ever FAIL      ok
  vault-log-per-active-day   s   10-Projects/demo/Sessions/%(today)s-session.md##Sess FAIL      ok
  vault-log-per-active-day   k   10-Projects/demo/Sessions/%(today)s-session.md::comm FAIL      ok
  vault-log-per-active-day   k   10-Projects/demo/Sessions/%(today)s-session.md##Sess FAIL      ok
  vault-log-per-active-day   i   10-Projects/demo/Sessions/%(today)s-session.md::zero FAIL      ok
  vault-log-per-active-day   i   declared-reads::zero-bytes                           NO-DATA   ok
  vault-log-per-active-day   x   access::99-System/telemetry/outcomes.jsonl|chmod-000 FAIL      ok
  vault-log-per-active-day   x   access::99-System/telemetry/outcomes.jsonl|broken-sy FAIL      ok
  vault-log-per-active-day   x   access::99-System/telemetry/outcomes.jsonl|symlink-l FAIL      ok
  vault-log-per-active-day   x   access::99-System/telemetry/outcomes.jsonl|fifo      FAIL      ok
  vault-log-per-active-day   x   access::loop-beside-evidence                         PASS      ok
  vault-log-per-active-day   x   access::99-System/telemetry/outcomes.jsonl|parent-ch FAIL      ok
  vault-log-per-active-day   -> invocation accounting n/a: this tool runs every check unconditionally, so there is no fallback to fall into
  fence-hygiene              a   a-empty-directory                                    NO-DATA   ok
  fence-hygiene              b   b-declares-nothing                                   NO-DATA   ok
  fence-hygiene              full full                                                 PASS      ok
  fence-hygiene              f   STATE.md::whitespace                                 NO-DATA   ok
  fence-hygiene              v   STATE.md::vacuous-todo                               NO-DATA   ok
  fence-hygiene              v   STATE.md::every-section-todo                         NO-DATA   ok
  fence-hygiene              v   STATE.md::vacuous-n-a                                NO-DATA   ok
  fence-hygiene              v   STATE.md::every-section-n-a                          NO-DATA   ok
  fence-hygiene              v   STATE.md::vacuous-dash                               NO-DATA   ok
  fence-hygiene              v   STATE.md::every-section-dash                         NO-DATA   ok
  fence-hygiene              v   STATE.md::vacuous-copula-remnant                     NO-DATA   ok
  fence-hygiene              v   STATE.md::every-section-copula-remnant               NO-DATA   ok
  fence-hygiene              v   STATE.md::vacuous-todo-zero-width                    NO-DATA   ok
  fence-hygiene              v   STATE.md::every-section-todo-zero-width              NO-DATA   ok
  fence-hygiene              v   STATE.md::vacuous-todo-soft-hyphen                   NO-DATA   ok
  fence-hygiene              v   STATE.md::every-section-todo-soft-hyphen             NO-DATA   ok
  fence-hygiene              v   STATE.md::vacuous-todo-fullwidth                     NO-DATA   ok
  fence-hygiene              v   STATE.md::every-section-todo-fullwidth               NO-DATA   ok
  fence-hygiene              v   STATE.md::vacuous-todo-small-caps                    NO-DATA   ok
  fence-hygiene              v   STATE.md::every-section-todo-small-caps              NO-DATA   ok
  fence-hygiene              v   STATE.md::vacuous-tbd-small-caps                     NO-DATA   ok
  fence-hygiene              v   STATE.md::every-section-tbd-small-caps               NO-DATA   ok
  fence-hygiene              v   STATE.md::vacuous-bracketed-tbd                      NO-DATA   ok
  fence-hygiene              v   STATE.md::every-section-bracketed-tbd                NO-DATA   ok
  fence-hygiene              s   STATE.md##Fences                                     NO-DATA   ok
  fence-hygiene              k   STATE.md::commented-out                              NO-DATA   ok
  fence-hygiene              k   STATE.md##Fences|commented                           NO-DATA   ok
  fence-hygiene              i   STATE.md::zero-bytes                                 NO-DATA   ok
  fence-hygiene              x   access::STATE.md|chmod-000                           FAIL      ok
  fence-hygiene              x   access::STATE.md|broken-symlink                      FAIL      ok
  fence-hygiene              x   access::STATE.md|symlink-loop                        FAIL      ok
  fence-hygiene              x   access::STATE.md|fifo                                FAIL      ok
  fence-hygiene              x   access::loop-beside-evidence                         PASS      ok
  fence-hygiene              x   access::STATE.md|parent-chmod-000                    FAIL      ok
  fence-hygiene              -> invocation accounting n/a: this tool runs every check unconditionally, so there is no fallback to fall into
  correction-latency         a   a-empty-directory                                    NO-DATA   ok
  correction-latency         b   b-declares-nothing                                   NO-DATA   ok
  correction-latency         c   c-jsonl-line-is-a-string                             FAIL      ok
  correction-latency         c   c-jsonl-line-is-a-list                               FAIL      ok
  correction-latency         d   d-malformed-json                                     FAIL      ok
  correction-latency         full full                                                 PASS      ok
  correction-latency         n   99-System/telemetry/corrections.jsonl::*|sql-comment FAIL      ok
  correction-latency         n   99-System/telemetry/corrections.jsonl::*|not-a-measu FAIL      ok
  correction-latency         n   99-System/telemetry/corrections.jsonl::*|number-in-a FAIL      ok
  correction-latency         e   99-System/telemetry/corrections.jsonl::*|empty-strin FAIL      ok
  correction-latency         e   99-System/telemetry/corrections.jsonl::[0]/*|empty-s FAIL      ok
  correction-latency         e   99-System/telemetry/corrections.jsonl::[0].ts|empty- FAIL      ok
  correction-latency         f   99-System/telemetry/corrections.jsonl::*|whitespace  FAIL      ok
  correction-latency         f   99-System/telemetry/corrections.jsonl::[0]/*|whitesp FAIL      ok
  correction-latency         f   99-System/telemetry/corrections.jsonl::[0].ts|whites FAIL      ok
  correction-latency         g   99-System/telemetry/corrections.jsonl::*|null        FAIL      ok
  correction-latency         g   99-System/telemetry/corrections.jsonl::[0]/*|null    FAIL      ok
  correction-latency         g   99-System/telemetry/corrections.jsonl::[0].ts|null   FAIL      ok
  correction-latency         v   99-System/telemetry/corrections.jsonl::*|todo        FAIL      ok
  correction-latency         v   99-System/telemetry/corrections.jsonl::[0]/*|todo    FAIL      ok
  correction-latency         v   99-System/telemetry/corrections.jsonl::[0].ts|todo   FAIL      ok
  correction-latency         v   99-System/telemetry/corrections.jsonl::*|n-a         FAIL      ok
  correction-latency         v   99-System/telemetry/corrections.jsonl::[0]/*|n-a     FAIL      ok
  correction-latency         v   99-System/telemetry/corrections.jsonl::[0].ts|n-a    FAIL      ok
  correction-latency         v   99-System/telemetry/corrections.jsonl::*|dash        FAIL      ok
  correction-latency         v   99-System/telemetry/corrections.jsonl::[0]/*|dash    FAIL      ok
  correction-latency         v   99-System/telemetry/corrections.jsonl::[0].ts|dash   FAIL      ok
  correction-latency         v   99-System/telemetry/corrections.jsonl::*|copula-remn FAIL      ok
  correction-latency         v   99-System/telemetry/corrections.jsonl::[0]/*|copula- FAIL      ok
  correction-latency         v   99-System/telemetry/corrections.jsonl::[0].ts|copula FAIL      ok
  correction-latency         v   99-System/telemetry/corrections.jsonl::*|todo-zero-w FAIL      ok
  correction-latency         v   99-System/telemetry/corrections.jsonl::[0]/*|todo-ze FAIL      ok
  correction-latency         v   99-System/telemetry/corrections.jsonl::[0].ts|todo-z FAIL      ok
  correction-latency         v   99-System/telemetry/corrections.jsonl::*|todo-soft-h FAIL      ok
  correction-latency         v   99-System/telemetry/corrections.jsonl::[0]/*|todo-so FAIL      ok
  correction-latency         v   99-System/telemetry/corrections.jsonl::[0].ts|todo-s FAIL      ok
  correction-latency         v   99-System/telemetry/corrections.jsonl::*|todo-fullwi FAIL      ok
  correction-latency         v   99-System/telemetry/corrections.jsonl::[0]/*|todo-fu FAIL      ok
  correction-latency         v   99-System/telemetry/corrections.jsonl::[0].ts|todo-f FAIL      ok
  correction-latency         v   99-System/telemetry/corrections.jsonl::*|todo-small- FAIL      ok
  correction-latency         v   99-System/telemetry/corrections.jsonl::[0]/*|todo-sm FAIL      ok
  correction-latency         v   99-System/telemetry/corrections.jsonl::[0].ts|todo-s FAIL      ok
  correction-latency         v   99-System/telemetry/corrections.jsonl::*|tbd-small-c FAIL      ok
  correction-latency         v   99-System/telemetry/corrections.jsonl::[0]/*|tbd-sma FAIL      ok
  correction-latency         v   99-System/telemetry/corrections.jsonl::[0].ts|tbd-sm FAIL      ok
  correction-latency         v   99-System/telemetry/corrections.jsonl::*|bracketed-t FAIL      ok
  correction-latency         v   99-System/telemetry/corrections.jsonl::[0]/*|bracket FAIL      ok
  correction-latency         v   99-System/telemetry/corrections.jsonl::[0].ts|bracke FAIL      ok
  correction-latency         n   99-System/telemetry/corrections.jsonl::*|hash-commen FAIL      ok
  correction-latency         n   99-System/telemetry/corrections.jsonl::[0]/*|hash-co FAIL      ok
  correction-latency         n   99-System/telemetry/corrections.jsonl::[0].ts|hash-c FAIL      ok
  correction-latency         n   99-System/telemetry/corrections.jsonl::*|block-comme FAIL      ok
  correction-latency         n   99-System/telemetry/corrections.jsonl::[0]/*|block-c FAIL      ok
  correction-latency         n   99-System/telemetry/corrections.jsonl::[0].ts|block- FAIL      ok
  correction-latency         n   99-System/telemetry/corrections.jsonl::*|punctuation FAIL      ok
  correction-latency         n   99-System/telemetry/corrections.jsonl::[0]/*|punctua FAIL      ok
  correction-latency         n   99-System/telemetry/corrections.jsonl::[0].ts|punctu FAIL      ok
  correction-latency         m   99-System/telemetry/corrections.jsonl::*|nan         FAIL      ok
  correction-latency         m   99-System/telemetry/corrections.jsonl::[0]/*|nan     FAIL      ok
  correction-latency         m   99-System/telemetry/corrections.jsonl::[0].ts|nan    FAIL      ok
  correction-latency         m   99-System/telemetry/corrections.jsonl::*|infinity    FAIL      ok
  correction-latency         m   99-System/telemetry/corrections.jsonl::[0]/*|infinit FAIL      ok
  correction-latency         m   99-System/telemetry/corrections.jsonl::[0].ts|infini FAIL      ok
  correction-latency         h   99-System/telemetry/corrections.jsonl::<root>=[{}]   FAIL      ok
  correction-latency         j   99-System/telemetry/corrections.jsonl::<root>=[]     NO-DATA   ok
  correction-latency         i   99-System/telemetry/corrections.jsonl::zero-bytes    NO-DATA   ok
  correction-latency         i   declared-reads::zero-bytes                           NO-DATA   ok
  correction-latency         x   access::99-System/telemetry/corrections.jsonl|chmod- FAIL      ok
  correction-latency         x   access::99-System/telemetry/corrections.jsonl|broken FAIL      ok
  correction-latency         x   access::99-System/telemetry/corrections.jsonl|symlin FAIL      ok
  correction-latency         x   access::99-System/telemetry/corrections.jsonl|fifo   FAIL      ok
  correction-latency         x   access::loop-beside-evidence                         PASS      ok
  correction-latency         x   access::99-System/telemetry/corrections.jsonl|parent FAIL      ok
  correction-latency         -> invocation accounting n/a: this tool runs every check unconditionally, so there is no fallback to fall into
  budget-vs-tier             a   a-empty-directory                                    NO-DATA   ok
  budget-vs-tier             b   b-declares-nothing                                   NO-DATA   ok
  budget-vs-tier             full full                                                 PASS      ok
  budget-vs-tier             f   STATE.md::whitespace                                 NO-DATA   ok
  budget-vs-tier             v   STATE.md::vacuous-todo                               NO-DATA   ok
  budget-vs-tier             v   STATE.md::every-section-todo                         NO-DATA   ok
  budget-vs-tier             v   STATE.md::vacuous-n-a                                NO-DATA   ok
  budget-vs-tier             v   STATE.md::every-section-n-a                          NO-DATA   ok
  budget-vs-tier             v   STATE.md::vacuous-dash                               NO-DATA   ok
  budget-vs-tier             v   STATE.md::every-section-dash                         NO-DATA   ok
  budget-vs-tier             v   STATE.md::vacuous-copula-remnant                     NO-DATA   ok
  budget-vs-tier             v   STATE.md::every-section-copula-remnant               NO-DATA   ok
  budget-vs-tier             v   STATE.md::vacuous-todo-zero-width                    NO-DATA   ok
  budget-vs-tier             v   STATE.md::every-section-todo-zero-width              NO-DATA   ok
  budget-vs-tier             v   STATE.md::vacuous-todo-soft-hyphen                   NO-DATA   ok
  budget-vs-tier             v   STATE.md::every-section-todo-soft-hyphen             NO-DATA   ok
  budget-vs-tier             v   STATE.md::vacuous-todo-fullwidth                     NO-DATA   ok
  budget-vs-tier             v   STATE.md::every-section-todo-fullwidth               NO-DATA   ok
  budget-vs-tier             v   STATE.md::vacuous-todo-small-caps                    NO-DATA   ok
  budget-vs-tier             v   STATE.md::every-section-todo-small-caps              NO-DATA   ok
  budget-vs-tier             v   STATE.md::vacuous-tbd-small-caps                     NO-DATA   ok
  budget-vs-tier             v   STATE.md::every-section-tbd-small-caps               NO-DATA   ok
  budget-vs-tier             v   STATE.md::vacuous-bracketed-tbd                      NO-DATA   ok
  budget-vs-tier             v   STATE.md::every-section-bracketed-tbd                NO-DATA   ok
  budget-vs-tier             s   STATE.md##Fences                                     NO-DATA   ok
  budget-vs-tier             k   STATE.md::commented-out                              NO-DATA   ok
  budget-vs-tier             k   STATE.md##Fences|commented                           NO-DATA   ok
  budget-vs-tier             i   STATE.md::zero-bytes                                 NO-DATA   ok
  budget-vs-tier             x   access::STATE.md|chmod-000                           FAIL      ok
  budget-vs-tier             x   access::STATE.md|broken-symlink                      FAIL      ok
  budget-vs-tier             x   access::STATE.md|symlink-loop                        FAIL      ok
  budget-vs-tier             x   access::STATE.md|fifo                                FAIL      ok
  budget-vs-tier             x   access::loop-beside-evidence                         PASS      ok
  budget-vs-tier             x   access::STATE.md|parent-chmod-000                    FAIL      ok
  budget-vs-tier             -> invocation accounting n/a: this tool runs every check unconditionally, so there is no fallback to fall into
  prediction-seals           a   a-empty-directory                                    NO-DATA   ok
  prediction-seals           b   b-declares-nothing                                   NO-DATA   ok
  prediction-seals           full full                                                 PASS      ok
  prediction-seals           f   50-Reference/operator-model.md::whitespace           NO-DATA   ok
  prediction-seals           v   50-Reference/operator-model.md::vacuous-todo         NO-DATA   ok
  prediction-seals           v   50-Reference/operator-model.md::every-section-todo   NO-DATA   ok
  prediction-seals           v   50-Reference/operator-model.md::vacuous-n-a          NO-DATA   ok
  prediction-seals           v   50-Reference/operator-model.md::every-section-n-a    NO-DATA   ok
  prediction-seals           v   50-Reference/operator-model.md::vacuous-dash         NO-DATA   ok
  prediction-seals           v   50-Reference/operator-model.md::every-section-dash   NO-DATA   ok
  prediction-seals           v   50-Reference/operator-model.md::vacuous-copula-remna NO-DATA   ok
  prediction-seals           v   50-Reference/operator-model.md::every-section-copula NO-DATA   ok
  prediction-seals           v   50-Reference/operator-model.md::vacuous-todo-zero-wi NO-DATA   ok
  prediction-seals           v   50-Reference/operator-model.md::every-section-todo-z NO-DATA   ok
  prediction-seals           v   50-Reference/operator-model.md::vacuous-todo-soft-hy NO-DATA   ok
  prediction-seals           v   50-Reference/operator-model.md::every-section-todo-s NO-DATA   ok
  prediction-seals           v   50-Reference/operator-model.md::vacuous-todo-fullwid NO-DATA   ok
  prediction-seals           v   50-Reference/operator-model.md::every-section-todo-f NO-DATA   ok
  prediction-seals           v   50-Reference/operator-model.md::vacuous-todo-small-c NO-DATA   ok
  prediction-seals           v   50-Reference/operator-model.md::every-section-todo-s NO-DATA   ok
  prediction-seals           v   50-Reference/operator-model.md::vacuous-tbd-small-ca NO-DATA   ok
  prediction-seals           v   50-Reference/operator-model.md::every-section-tbd-sm NO-DATA   ok
  prediction-seals           v   50-Reference/operator-model.md::vacuous-bracketed-tb NO-DATA   ok
  prediction-seals           v   50-Reference/operator-model.md::every-section-bracke NO-DATA   ok
  prediction-seals           s   50-Reference/operator-model.md##Prediction ledger    NO-DATA   ok
  prediction-seals           k   50-Reference/operator-model.md::commented-out        NO-DATA   ok
  prediction-seals           k   50-Reference/operator-model.md##Prediction ledger|co NO-DATA   ok
  prediction-seals           i   50-Reference/operator-model.md::zero-bytes           NO-DATA   ok
  prediction-seals           i   declared-reads::zero-bytes                           NO-DATA   ok
  prediction-seals           x   access::50-Reference/operator-model.md|chmod-000     FAIL      ok
  prediction-seals           x   access::50-Reference/operator-model.md|broken-symlin FAIL      ok
  prediction-seals           x   access::50-Reference/operator-model.md|symlink-loop  FAIL      ok
  prediction-seals           x   access::50-Reference/operator-model.md|fifo          FAIL      ok
  prediction-seals           x   access::loop-beside-evidence                         PASS      ok
  prediction-seals           x   access::50-Reference/operator-model.md|parent-chmod- FAIL      ok
  prediction-seals           -> invocation accounting n/a: this tool runs every check unconditionally, so there is no fallback to fall into
  felt-outcome-ratings       a   a-empty-directory                                    NO-DATA   ok
  felt-outcome-ratings       b   b-declares-nothing                                   NO-DATA   ok
  felt-outcome-ratings       c   c-jsonl-line-is-a-string                             FAIL      ok
  felt-outcome-ratings       c   c-jsonl-line-is-a-list                               FAIL      ok
  felt-outcome-ratings       d   d-malformed-json                                     FAIL      ok
  felt-outcome-ratings       full full                                                 PASS      ok
  felt-outcome-ratings       n   99-System/telemetry/ratings.jsonl::*|sql-comment-wit NO-DATA   ok
  felt-outcome-ratings       n   99-System/telemetry/ratings.jsonl::*|not-a-measureme NO-DATA   ok
  felt-outcome-ratings       n   99-System/telemetry/ratings.jsonl::*|number-in-a-tex FAIL      ok
  felt-outcome-ratings       e   99-System/telemetry/ratings.jsonl::*|empty-string    NO-DATA   ok
  felt-outcome-ratings       e   99-System/telemetry/ratings.jsonl::[0]/*|empty-strin FAIL      ok
  felt-outcome-ratings       e   99-System/telemetry/ratings.jsonl::[1]/*|empty-strin FAIL      ok
  felt-outcome-ratings       e   99-System/telemetry/ratings.jsonl::[2]/*|empty-strin FAIL      ok
  felt-outcome-ratings       e   99-System/telemetry/ratings.jsonl::[3]/*|empty-strin FAIL      ok
  felt-outcome-ratings       e   99-System/telemetry/ratings.jsonl::[4]/*|empty-strin FAIL      ok
  felt-outcome-ratings       e   99-System/telemetry/ratings.jsonl::[5]/*|empty-strin FAIL      ok
  felt-outcome-ratings       e   99-System/telemetry/ratings.jsonl::[0].score|empty-s FAIL      ok
  felt-outcome-ratings       e   99-System/telemetry/ratings.jsonl::[1].score|empty-s FAIL      ok
  felt-outcome-ratings       e   99-System/telemetry/ratings.jsonl::[2].score|empty-s FAIL      ok
  felt-outcome-ratings       e   99-System/telemetry/ratings.jsonl::[3].score|empty-s FAIL      ok
  felt-outcome-ratings       e   99-System/telemetry/ratings.jsonl::[4].score|empty-s FAIL      ok
  felt-outcome-ratings       e   99-System/telemetry/ratings.jsonl::[5].score|empty-s FAIL      ok
  felt-outcome-ratings       f   99-System/telemetry/ratings.jsonl::*|whitespace      NO-DATA   ok
  felt-outcome-ratings       f   99-System/telemetry/ratings.jsonl::[0]/*|whitespace  FAIL      ok
  felt-outcome-ratings       f   99-System/telemetry/ratings.jsonl::[1]/*|whitespace  FAIL      ok
  felt-outcome-ratings       f   99-System/telemetry/ratings.jsonl::[2]/*|whitespace  FAIL      ok
  felt-outcome-ratings       f   99-System/telemetry/ratings.jsonl::[3]/*|whitespace  FAIL      ok
  felt-outcome-ratings       f   99-System/telemetry/ratings.jsonl::[4]/*|whitespace  FAIL      ok
  felt-outcome-ratings       f   99-System/telemetry/ratings.jsonl::[5]/*|whitespace  FAIL      ok
  felt-outcome-ratings       f   99-System/telemetry/ratings.jsonl::[0].score|whitesp FAIL      ok
  felt-outcome-ratings       f   99-System/telemetry/ratings.jsonl::[1].score|whitesp FAIL      ok
  felt-outcome-ratings       f   99-System/telemetry/ratings.jsonl::[2].score|whitesp FAIL      ok
  felt-outcome-ratings       f   99-System/telemetry/ratings.jsonl::[3].score|whitesp FAIL      ok
  felt-outcome-ratings       f   99-System/telemetry/ratings.jsonl::[4].score|whitesp FAIL      ok
  felt-outcome-ratings       f   99-System/telemetry/ratings.jsonl::[5].score|whitesp FAIL      ok
  felt-outcome-ratings       g   99-System/telemetry/ratings.jsonl::*|null            NO-DATA   ok
  felt-outcome-ratings       g   99-System/telemetry/ratings.jsonl::[0]/*|null        FAIL      ok
  felt-outcome-ratings       g   99-System/telemetry/ratings.jsonl::[1]/*|null        FAIL      ok
  felt-outcome-ratings       g   99-System/telemetry/ratings.jsonl::[2]/*|null        FAIL      ok
  felt-outcome-ratings       g   99-System/telemetry/ratings.jsonl::[3]/*|null        FAIL      ok
  felt-outcome-ratings       g   99-System/telemetry/ratings.jsonl::[4]/*|null        FAIL      ok
  felt-outcome-ratings       g   99-System/telemetry/ratings.jsonl::[5]/*|null        FAIL      ok
  felt-outcome-ratings       g   99-System/telemetry/ratings.jsonl::[0].score|null    FAIL      ok
  felt-outcome-ratings       g   99-System/telemetry/ratings.jsonl::[1].score|null    FAIL      ok
  felt-outcome-ratings       g   99-System/telemetry/ratings.jsonl::[2].score|null    FAIL      ok
  felt-outcome-ratings       g   99-System/telemetry/ratings.jsonl::[3].score|null    FAIL      ok
  felt-outcome-ratings       g   99-System/telemetry/ratings.jsonl::[4].score|null    FAIL      ok
  felt-outcome-ratings       g   99-System/telemetry/ratings.jsonl::[5].score|null    FAIL      ok
  felt-outcome-ratings       v   99-System/telemetry/ratings.jsonl::*|todo            NO-DATA   ok
  felt-outcome-ratings       v   99-System/telemetry/ratings.jsonl::[0]/*|todo        FAIL      ok
  felt-outcome-ratings       v   99-System/telemetry/ratings.jsonl::[1]/*|todo        FAIL      ok
  felt-outcome-ratings       v   99-System/telemetry/ratings.jsonl::[2]/*|todo        FAIL      ok
  felt-outcome-ratings       v   99-System/telemetry/ratings.jsonl::[3]/*|todo        FAIL      ok
  felt-outcome-ratings       v   99-System/telemetry/ratings.jsonl::[4]/*|todo        FAIL      ok
  felt-outcome-ratings       v   99-System/telemetry/ratings.jsonl::[5]/*|todo        FAIL      ok
  felt-outcome-ratings       v   99-System/telemetry/ratings.jsonl::[0].score|todo    FAIL      ok
  felt-outcome-ratings       v   99-System/telemetry/ratings.jsonl::[1].score|todo    FAIL      ok
  felt-outcome-ratings       v   99-System/telemetry/ratings.jsonl::[2].score|todo    FAIL      ok
  felt-outcome-ratings       v   99-System/telemetry/ratings.jsonl::[3].score|todo    FAIL      ok
  felt-outcome-ratings       v   99-System/telemetry/ratings.jsonl::[4].score|todo    FAIL      ok
  felt-outcome-ratings       v   99-System/telemetry/ratings.jsonl::[5].score|todo    FAIL      ok
  felt-outcome-ratings       v   99-System/telemetry/ratings.jsonl::*|n-a             NO-DATA   ok
  felt-outcome-ratings       v   99-System/telemetry/ratings.jsonl::[0]/*|n-a         FAIL      ok
  felt-outcome-ratings       v   99-System/telemetry/ratings.jsonl::[1]/*|n-a         FAIL      ok
  felt-outcome-ratings       v   99-System/telemetry/ratings.jsonl::[2]/*|n-a         FAIL      ok
  felt-outcome-ratings       v   99-System/telemetry/ratings.jsonl::[3]/*|n-a         FAIL      ok
  felt-outcome-ratings       v   99-System/telemetry/ratings.jsonl::[4]/*|n-a         FAIL      ok
  felt-outcome-ratings       v   99-System/telemetry/ratings.jsonl::[5]/*|n-a         FAIL      ok
  felt-outcome-ratings       v   99-System/telemetry/ratings.jsonl::[0].score|n-a     FAIL      ok
  felt-outcome-ratings       v   99-System/telemetry/ratings.jsonl::[1].score|n-a     FAIL      ok
  felt-outcome-ratings       v   99-System/telemetry/ratings.jsonl::[2].score|n-a     FAIL      ok
  felt-outcome-ratings       v   99-System/telemetry/ratings.jsonl::[3].score|n-a     FAIL      ok
  felt-outcome-ratings       v   99-System/telemetry/ratings.jsonl::[4].score|n-a     FAIL      ok
  felt-outcome-ratings       v   99-System/telemetry/ratings.jsonl::[5].score|n-a     FAIL      ok
  felt-outcome-ratings       v   99-System/telemetry/ratings.jsonl::*|dash            NO-DATA   ok
  felt-outcome-ratings       v   99-System/telemetry/ratings.jsonl::[0]/*|dash        FAIL      ok
  felt-outcome-ratings       v   99-System/telemetry/ratings.jsonl::[1]/*|dash        FAIL      ok
  felt-outcome-ratings       v   99-System/telemetry/ratings.jsonl::[2]/*|dash        FAIL      ok
  felt-outcome-ratings       v   99-System/telemetry/ratings.jsonl::[3]/*|dash        FAIL      ok
  felt-outcome-ratings       v   99-System/telemetry/ratings.jsonl::[4]/*|dash        FAIL      ok
  felt-outcome-ratings       v   99-System/telemetry/ratings.jsonl::[5]/*|dash        FAIL      ok
  felt-outcome-ratings       v   99-System/telemetry/ratings.jsonl::[0].score|dash    FAIL      ok
  felt-outcome-ratings       v   99-System/telemetry/ratings.jsonl::[1].score|dash    FAIL      ok
  felt-outcome-ratings       v   99-System/telemetry/ratings.jsonl::[2].score|dash    FAIL      ok
  felt-outcome-ratings       v   99-System/telemetry/ratings.jsonl::[3].score|dash    FAIL      ok
  felt-outcome-ratings       v   99-System/telemetry/ratings.jsonl::[4].score|dash    FAIL      ok
  felt-outcome-ratings       v   99-System/telemetry/ratings.jsonl::[5].score|dash    FAIL      ok
  felt-outcome-ratings       v   99-System/telemetry/ratings.jsonl::*|copula-remnant  NO-DATA   ok
  felt-outcome-ratings       v   99-System/telemetry/ratings.jsonl::[0]/*|copula-remn FAIL      ok
  felt-outcome-ratings       v   99-System/telemetry/ratings.jsonl::[1]/*|copula-remn FAIL      ok
  felt-outcome-ratings       v   99-System/telemetry/ratings.jsonl::[2]/*|copula-remn FAIL      ok
  felt-outcome-ratings       v   99-System/telemetry/ratings.jsonl::[3]/*|copula-remn FAIL      ok
  felt-outcome-ratings       v   99-System/telemetry/ratings.jsonl::[4]/*|copula-remn FAIL      ok
  felt-outcome-ratings       v   99-System/telemetry/ratings.jsonl::[5]/*|copula-remn FAIL      ok
  felt-outcome-ratings       v   99-System/telemetry/ratings.jsonl::[0].score|copula- FAIL      ok
  felt-outcome-ratings       v   99-System/telemetry/ratings.jsonl::[1].score|copula- FAIL      ok
  felt-outcome-ratings       v   99-System/telemetry/ratings.jsonl::[2].score|copula- FAIL      ok
  felt-outcome-ratings       v   99-System/telemetry/ratings.jsonl::[3].score|copula- FAIL      ok
  felt-outcome-ratings       v   99-System/telemetry/ratings.jsonl::[4].score|copula- FAIL      ok
  felt-outcome-ratings       v   99-System/telemetry/ratings.jsonl::[5].score|copula- FAIL      ok
  felt-outcome-ratings       v   99-System/telemetry/ratings.jsonl::*|todo-zero-width NO-DATA   ok
  felt-outcome-ratings       v   99-System/telemetry/ratings.jsonl::[0]/*|todo-zero-w FAIL      ok
  felt-outcome-ratings       v   99-System/telemetry/ratings.jsonl::[1]/*|todo-zero-w FAIL      ok
  felt-outcome-ratings       v   99-System/telemetry/ratings.jsonl::[2]/*|todo-zero-w FAIL      ok
  felt-outcome-ratings       v   99-System/telemetry/ratings.jsonl::[3]/*|todo-zero-w FAIL      ok
  felt-outcome-ratings       v   99-System/telemetry/ratings.jsonl::[4]/*|todo-zero-w FAIL      ok
  felt-outcome-ratings       v   99-System/telemetry/ratings.jsonl::[5]/*|todo-zero-w FAIL      ok
  felt-outcome-ratings       v   99-System/telemetry/ratings.jsonl::[0].score|todo-ze FAIL      ok
  felt-outcome-ratings       v   99-System/telemetry/ratings.jsonl::[1].score|todo-ze FAIL      ok
  felt-outcome-ratings       v   99-System/telemetry/ratings.jsonl::[2].score|todo-ze FAIL      ok
  felt-outcome-ratings       v   99-System/telemetry/ratings.jsonl::[3].score|todo-ze FAIL      ok
  felt-outcome-ratings       v   99-System/telemetry/ratings.jsonl::[4].score|todo-ze FAIL      ok
  felt-outcome-ratings       v   99-System/telemetry/ratings.jsonl::[5].score|todo-ze FAIL      ok
  felt-outcome-ratings       v   99-System/telemetry/ratings.jsonl::*|todo-soft-hyphe NO-DATA   ok
  felt-outcome-ratings       v   99-System/telemetry/ratings.jsonl::[0]/*|todo-soft-h FAIL      ok
  felt-outcome-ratings       v   99-System/telemetry/ratings.jsonl::[1]/*|todo-soft-h FAIL      ok
  felt-outcome-ratings       v   99-System/telemetry/ratings.jsonl::[2]/*|todo-soft-h FAIL      ok
  felt-outcome-ratings       v   99-System/telemetry/ratings.jsonl::[3]/*|todo-soft-h FAIL      ok
  felt-outcome-ratings       v   99-System/telemetry/ratings.jsonl::[4]/*|todo-soft-h FAIL      ok
  felt-outcome-ratings       v   99-System/telemetry/ratings.jsonl::[5]/*|todo-soft-h FAIL      ok
  felt-outcome-ratings       v   99-System/telemetry/ratings.jsonl::[0].score|todo-so FAIL      ok
  felt-outcome-ratings       v   99-System/telemetry/ratings.jsonl::[1].score|todo-so FAIL      ok
  felt-outcome-ratings       v   99-System/telemetry/ratings.jsonl::[2].score|todo-so FAIL      ok
  felt-outcome-ratings       v   99-System/telemetry/ratings.jsonl::[3].score|todo-so FAIL      ok
  felt-outcome-ratings       v   99-System/telemetry/ratings.jsonl::[4].score|todo-so FAIL      ok
  felt-outcome-ratings       v   99-System/telemetry/ratings.jsonl::[5].score|todo-so FAIL      ok
  felt-outcome-ratings       v   99-System/telemetry/ratings.jsonl::*|todo-fullwidth  NO-DATA   ok
  felt-outcome-ratings       v   99-System/telemetry/ratings.jsonl::[0]/*|todo-fullwi FAIL      ok
  felt-outcome-ratings       v   99-System/telemetry/ratings.jsonl::[1]/*|todo-fullwi FAIL      ok
  felt-outcome-ratings       v   99-System/telemetry/ratings.jsonl::[2]/*|todo-fullwi FAIL      ok
  felt-outcome-ratings       v   99-System/telemetry/ratings.jsonl::[3]/*|todo-fullwi FAIL      ok
  felt-outcome-ratings       v   99-System/telemetry/ratings.jsonl::[4]/*|todo-fullwi FAIL      ok
  felt-outcome-ratings       v   99-System/telemetry/ratings.jsonl::[5]/*|todo-fullwi FAIL      ok
  felt-outcome-ratings       v   99-System/telemetry/ratings.jsonl::[0].score|todo-fu FAIL      ok
  felt-outcome-ratings       v   99-System/telemetry/ratings.jsonl::[1].score|todo-fu FAIL      ok
  felt-outcome-ratings       v   99-System/telemetry/ratings.jsonl::[2].score|todo-fu FAIL      ok
  felt-outcome-ratings       v   99-System/telemetry/ratings.jsonl::[3].score|todo-fu FAIL      ok
  felt-outcome-ratings       v   99-System/telemetry/ratings.jsonl::[4].score|todo-fu FAIL      ok
  felt-outcome-ratings       v   99-System/telemetry/ratings.jsonl::[5].score|todo-fu FAIL      ok
  felt-outcome-ratings       v   99-System/telemetry/ratings.jsonl::*|todo-small-caps NO-DATA   ok
  felt-outcome-ratings       v   99-System/telemetry/ratings.jsonl::[0]/*|todo-small- FAIL      ok
  felt-outcome-ratings       v   99-System/telemetry/ratings.jsonl::[1]/*|todo-small- FAIL      ok
  felt-outcome-ratings       v   99-System/telemetry/ratings.jsonl::[2]/*|todo-small- FAIL      ok
  felt-outcome-ratings       v   99-System/telemetry/ratings.jsonl::[3]/*|todo-small- FAIL      ok
  felt-outcome-ratings       v   99-System/telemetry/ratings.jsonl::[4]/*|todo-small- FAIL      ok
  felt-outcome-ratings       v   99-System/telemetry/ratings.jsonl::[5]/*|todo-small- FAIL      ok
  felt-outcome-ratings       v   99-System/telemetry/ratings.jsonl::[0].score|todo-sm FAIL      ok
  felt-outcome-ratings       v   99-System/telemetry/ratings.jsonl::[1].score|todo-sm FAIL      ok
  felt-outcome-ratings       v   99-System/telemetry/ratings.jsonl::[2].score|todo-sm FAIL      ok
  felt-outcome-ratings       v   99-System/telemetry/ratings.jsonl::[3].score|todo-sm FAIL      ok
  felt-outcome-ratings       v   99-System/telemetry/ratings.jsonl::[4].score|todo-sm FAIL      ok
  felt-outcome-ratings       v   99-System/telemetry/ratings.jsonl::[5].score|todo-sm FAIL      ok
  felt-outcome-ratings       v   99-System/telemetry/ratings.jsonl::*|tbd-small-caps  NO-DATA   ok
  felt-outcome-ratings       v   99-System/telemetry/ratings.jsonl::[0]/*|tbd-small-c FAIL      ok
  felt-outcome-ratings       v   99-System/telemetry/ratings.jsonl::[1]/*|tbd-small-c FAIL      ok
  felt-outcome-ratings       v   99-System/telemetry/ratings.jsonl::[2]/*|tbd-small-c FAIL      ok
  felt-outcome-ratings       v   99-System/telemetry/ratings.jsonl::[3]/*|tbd-small-c FAIL      ok
  felt-outcome-ratings       v   99-System/telemetry/ratings.jsonl::[4]/*|tbd-small-c FAIL      ok
  felt-outcome-ratings       v   99-System/telemetry/ratings.jsonl::[5]/*|tbd-small-c FAIL      ok
  felt-outcome-ratings       v   99-System/telemetry/ratings.jsonl::[0].score|tbd-sma FAIL      ok
  felt-outcome-ratings       v   99-System/telemetry/ratings.jsonl::[1].score|tbd-sma FAIL      ok
  felt-outcome-ratings       v   99-System/telemetry/ratings.jsonl::[2].score|tbd-sma FAIL      ok
  felt-outcome-ratings       v   99-System/telemetry/ratings.jsonl::[3].score|tbd-sma FAIL      ok
  felt-outcome-ratings       v   99-System/telemetry/ratings.jsonl::[4].score|tbd-sma FAIL      ok
  felt-outcome-ratings       v   99-System/telemetry/ratings.jsonl::[5].score|tbd-sma FAIL      ok
  felt-outcome-ratings       v   99-System/telemetry/ratings.jsonl::*|bracketed-tbd   NO-DATA   ok
  felt-outcome-ratings       v   99-System/telemetry/ratings.jsonl::[0]/*|bracketed-t FAIL      ok
  felt-outcome-ratings       v   99-System/telemetry/ratings.jsonl::[1]/*|bracketed-t FAIL      ok
  felt-outcome-ratings       v   99-System/telemetry/ratings.jsonl::[2]/*|bracketed-t FAIL      ok
  felt-outcome-ratings       v   99-System/telemetry/ratings.jsonl::[3]/*|bracketed-t FAIL      ok
  felt-outcome-ratings       v   99-System/telemetry/ratings.jsonl::[4]/*|bracketed-t FAIL      ok
  felt-outcome-ratings       v   99-System/telemetry/ratings.jsonl::[5]/*|bracketed-t FAIL      ok
  felt-outcome-ratings       v   99-System/telemetry/ratings.jsonl::[0].score|bracket FAIL      ok
  felt-outcome-ratings       v   99-System/telemetry/ratings.jsonl::[1].score|bracket FAIL      ok
  felt-outcome-ratings       v   99-System/telemetry/ratings.jsonl::[2].score|bracket FAIL      ok
  felt-outcome-ratings       v   99-System/telemetry/ratings.jsonl::[3].score|bracket FAIL      ok
  felt-outcome-ratings       v   99-System/telemetry/ratings.jsonl::[4].score|bracket FAIL      ok
  felt-outcome-ratings       v   99-System/telemetry/ratings.jsonl::[5].score|bracket FAIL      ok
  felt-outcome-ratings       n   99-System/telemetry/ratings.jsonl::*|hash-comment    NO-DATA   ok
  felt-outcome-ratings       n   99-System/telemetry/ratings.jsonl::[0]/*|hash-commen FAIL      ok
  felt-outcome-ratings       n   99-System/telemetry/ratings.jsonl::[1]/*|hash-commen FAIL      ok
  felt-outcome-ratings       n   99-System/telemetry/ratings.jsonl::[2]/*|hash-commen FAIL      ok
  felt-outcome-ratings       n   99-System/telemetry/ratings.jsonl::[3]/*|hash-commen FAIL      ok
  felt-outcome-ratings       n   99-System/telemetry/ratings.jsonl::[4]/*|hash-commen FAIL      ok
  felt-outcome-ratings       n   99-System/telemetry/ratings.jsonl::[5]/*|hash-commen FAIL      ok
  felt-outcome-ratings       n   99-System/telemetry/ratings.jsonl::[0].score|hash-co FAIL      ok
  felt-outcome-ratings       n   99-System/telemetry/ratings.jsonl::[1].score|hash-co FAIL      ok
  felt-outcome-ratings       n   99-System/telemetry/ratings.jsonl::[2].score|hash-co FAIL      ok
  felt-outcome-ratings       n   99-System/telemetry/ratings.jsonl::[3].score|hash-co FAIL      ok
  felt-outcome-ratings       n   99-System/telemetry/ratings.jsonl::[4].score|hash-co FAIL      ok
  felt-outcome-ratings       n   99-System/telemetry/ratings.jsonl::[5].score|hash-co FAIL      ok
  felt-outcome-ratings       n   99-System/telemetry/ratings.jsonl::*|block-comment   NO-DATA   ok
  felt-outcome-ratings       n   99-System/telemetry/ratings.jsonl::[0]/*|block-comme FAIL      ok
  felt-outcome-ratings       n   99-System/telemetry/ratings.jsonl::[1]/*|block-comme FAIL      ok
  felt-outcome-ratings       n   99-System/telemetry/ratings.jsonl::[2]/*|block-comme FAIL      ok
  felt-outcome-ratings       n   99-System/telemetry/ratings.jsonl::[3]/*|block-comme FAIL      ok
  felt-outcome-ratings       n   99-System/telemetry/ratings.jsonl::[4]/*|block-comme FAIL      ok
  felt-outcome-ratings       n   99-System/telemetry/ratings.jsonl::[5]/*|block-comme FAIL      ok
  felt-outcome-ratings       n   99-System/telemetry/ratings.jsonl::[0].score|block-c FAIL      ok
  felt-outcome-ratings       n   99-System/telemetry/ratings.jsonl::[1].score|block-c FAIL      ok
  felt-outcome-ratings       n   99-System/telemetry/ratings.jsonl::[2].score|block-c FAIL      ok
  felt-outcome-ratings       n   99-System/telemetry/ratings.jsonl::[3].score|block-c FAIL      ok
  felt-outcome-ratings       n   99-System/telemetry/ratings.jsonl::[4].score|block-c FAIL      ok
  felt-outcome-ratings       n   99-System/telemetry/ratings.jsonl::[5].score|block-c FAIL      ok
  felt-outcome-ratings       n   99-System/telemetry/ratings.jsonl::*|punctuation     NO-DATA   ok
  felt-outcome-ratings       n   99-System/telemetry/ratings.jsonl::[0]/*|punctuation FAIL      ok
  felt-outcome-ratings       n   99-System/telemetry/ratings.jsonl::[1]/*|punctuation FAIL      ok
  felt-outcome-ratings       n   99-System/telemetry/ratings.jsonl::[2]/*|punctuation FAIL      ok
  felt-outcome-ratings       n   99-System/telemetry/ratings.jsonl::[3]/*|punctuation FAIL      ok
  felt-outcome-ratings       n   99-System/telemetry/ratings.jsonl::[4]/*|punctuation FAIL      ok
  felt-outcome-ratings       n   99-System/telemetry/ratings.jsonl::[5]/*|punctuation FAIL      ok
  felt-outcome-ratings       n   99-System/telemetry/ratings.jsonl::[0].score|punctua FAIL      ok
  felt-outcome-ratings       n   99-System/telemetry/ratings.jsonl::[1].score|punctua FAIL      ok
  felt-outcome-ratings       n   99-System/telemetry/ratings.jsonl::[2].score|punctua FAIL      ok
  felt-outcome-ratings       n   99-System/telemetry/ratings.jsonl::[3].score|punctua FAIL      ok
  felt-outcome-ratings       n   99-System/telemetry/ratings.jsonl::[4].score|punctua FAIL      ok
  felt-outcome-ratings       n   99-System/telemetry/ratings.jsonl::[5].score|punctua FAIL      ok
  felt-outcome-ratings       m   99-System/telemetry/ratings.jsonl::*|nan             NO-DATA   ok
  felt-outcome-ratings       m   99-System/telemetry/ratings.jsonl::[0]/*|nan         FAIL      ok
  felt-outcome-ratings       m   99-System/telemetry/ratings.jsonl::[1]/*|nan         FAIL      ok
  felt-outcome-ratings       m   99-System/telemetry/ratings.jsonl::[2]/*|nan         FAIL      ok
  felt-outcome-ratings       m   99-System/telemetry/ratings.jsonl::[3]/*|nan         FAIL      ok
  felt-outcome-ratings       m   99-System/telemetry/ratings.jsonl::[4]/*|nan         FAIL      ok
  felt-outcome-ratings       m   99-System/telemetry/ratings.jsonl::[5]/*|nan         FAIL      ok
  felt-outcome-ratings       m   99-System/telemetry/ratings.jsonl::[0].score|nan     FAIL      ok
  felt-outcome-ratings       m   99-System/telemetry/ratings.jsonl::[1].score|nan     FAIL      ok
  felt-outcome-ratings       m   99-System/telemetry/ratings.jsonl::[2].score|nan     FAIL      ok
  felt-outcome-ratings       m   99-System/telemetry/ratings.jsonl::[3].score|nan     FAIL      ok
  felt-outcome-ratings       m   99-System/telemetry/ratings.jsonl::[4].score|nan     FAIL      ok
  felt-outcome-ratings       m   99-System/telemetry/ratings.jsonl::[5].score|nan     FAIL      ok
  felt-outcome-ratings       m   99-System/telemetry/ratings.jsonl::*|infinity        NO-DATA   ok
  felt-outcome-ratings       m   99-System/telemetry/ratings.jsonl::[0]/*|infinity    FAIL      ok
  felt-outcome-ratings       m   99-System/telemetry/ratings.jsonl::[1]/*|infinity    FAIL      ok
  felt-outcome-ratings       m   99-System/telemetry/ratings.jsonl::[2]/*|infinity    FAIL      ok
  felt-outcome-ratings       m   99-System/telemetry/ratings.jsonl::[3]/*|infinity    FAIL      ok
  felt-outcome-ratings       m   99-System/telemetry/ratings.jsonl::[4]/*|infinity    FAIL      ok
  felt-outcome-ratings       m   99-System/telemetry/ratings.jsonl::[5]/*|infinity    FAIL      ok
  felt-outcome-ratings       m   99-System/telemetry/ratings.jsonl::[0].score|infinit FAIL      ok
  felt-outcome-ratings       m   99-System/telemetry/ratings.jsonl::[1].score|infinit FAIL      ok
  felt-outcome-ratings       m   99-System/telemetry/ratings.jsonl::[2].score|infinit FAIL      ok
  felt-outcome-ratings       m   99-System/telemetry/ratings.jsonl::[3].score|infinit FAIL      ok
  felt-outcome-ratings       m   99-System/telemetry/ratings.jsonl::[4].score|infinit FAIL      ok
  felt-outcome-ratings       m   99-System/telemetry/ratings.jsonl::[5].score|infinit FAIL      ok
  felt-outcome-ratings       h   99-System/telemetry/ratings.jsonl::<root>=[{}]       NO-DATA   ok
  felt-outcome-ratings       j   99-System/telemetry/ratings.jsonl::<root>=[]         NO-DATA   ok
  felt-outcome-ratings       i   99-System/telemetry/ratings.jsonl::zero-bytes        NO-DATA   ok
  felt-outcome-ratings       i   declared-reads::zero-bytes                           NO-DATA   ok
  felt-outcome-ratings       x   access::99-System/telemetry/ratings.jsonl|chmod-000  FAIL      ok
  felt-outcome-ratings       x   access::99-System/telemetry/ratings.jsonl|broken-sym FAIL      ok
  felt-outcome-ratings       x   access::99-System/telemetry/ratings.jsonl|symlink-lo FAIL      ok
  felt-outcome-ratings       x   access::99-System/telemetry/ratings.jsonl|fifo       FAIL      ok
  felt-outcome-ratings       x   access::loop-beside-evidence                         PASS      ok
  felt-outcome-ratings       x   access::99-System/telemetry/ratings.jsonl|parent-chm FAIL      ok
  felt-outcome-ratings       -> invocation accounting n/a: this tool runs every check unconditionally, so there is no fallback to fall into
  review-cadence             a   a-empty-directory                                    NO-DATA   ok
  review-cadence             b   b-declares-nothing                                   NO-DATA   ok
  review-cadence             c   c-jsonl-line-is-a-string                             FAIL      ok
  review-cadence             c   c-jsonl-line-is-a-list                               FAIL      ok
  review-cadence             d   d-malformed-json                                     FAIL      ok
  review-cadence             full full                                                 PASS      ok
  review-cadence             n   99-System/telemetry/reviews.jsonl::*|sql-comment-wit FAIL      ok
  review-cadence             n   99-System/telemetry/reviews.jsonl::*|not-a-measureme FAIL      ok
  review-cadence             n   99-System/telemetry/reviews.jsonl::*|number-in-a-tex FAIL      ok
  review-cadence             e   99-System/telemetry/reviews.jsonl::*|empty-string    FAIL      ok
  review-cadence             e   99-System/telemetry/reviews.jsonl::[0]/*|empty-strin FAIL      ok
  review-cadence             e   99-System/telemetry/reviews.jsonl::[0].ts|empty-stri FAIL      ok
  review-cadence             f   99-System/telemetry/reviews.jsonl::*|whitespace      FAIL      ok
  review-cadence             f   99-System/telemetry/reviews.jsonl::[0]/*|whitespace  FAIL      ok
  review-cadence             f   99-System/telemetry/reviews.jsonl::[0].ts|whitespace FAIL      ok
  review-cadence             g   99-System/telemetry/reviews.jsonl::*|null            FAIL      ok
  review-cadence             g   99-System/telemetry/reviews.jsonl::[0]/*|null        FAIL      ok
  review-cadence             g   99-System/telemetry/reviews.jsonl::[0].ts|null       FAIL      ok
  review-cadence             v   99-System/telemetry/reviews.jsonl::*|todo            FAIL      ok
  review-cadence             v   99-System/telemetry/reviews.jsonl::[0]/*|todo        FAIL      ok
  review-cadence             v   99-System/telemetry/reviews.jsonl::[0].ts|todo       FAIL      ok
  review-cadence             v   99-System/telemetry/reviews.jsonl::*|n-a             FAIL      ok
  review-cadence             v   99-System/telemetry/reviews.jsonl::[0]/*|n-a         FAIL      ok
  review-cadence             v   99-System/telemetry/reviews.jsonl::[0].ts|n-a        FAIL      ok
  review-cadence             v   99-System/telemetry/reviews.jsonl::*|dash            FAIL      ok
  review-cadence             v   99-System/telemetry/reviews.jsonl::[0]/*|dash        FAIL      ok
  review-cadence             v   99-System/telemetry/reviews.jsonl::[0].ts|dash       FAIL      ok
  review-cadence             v   99-System/telemetry/reviews.jsonl::*|copula-remnant  FAIL      ok
  review-cadence             v   99-System/telemetry/reviews.jsonl::[0]/*|copula-remn FAIL      ok
  review-cadence             v   99-System/telemetry/reviews.jsonl::[0].ts|copula-rem FAIL      ok
  review-cadence             v   99-System/telemetry/reviews.jsonl::*|todo-zero-width FAIL      ok
  review-cadence             v   99-System/telemetry/reviews.jsonl::[0]/*|todo-zero-w FAIL      ok
  review-cadence             v   99-System/telemetry/reviews.jsonl::[0].ts|todo-zero- FAIL      ok
  review-cadence             v   99-System/telemetry/reviews.jsonl::*|todo-soft-hyphe FAIL      ok
  review-cadence             v   99-System/telemetry/reviews.jsonl::[0]/*|todo-soft-h FAIL      ok
  review-cadence             v   99-System/telemetry/reviews.jsonl::[0].ts|todo-soft- FAIL      ok
  review-cadence             v   99-System/telemetry/reviews.jsonl::*|todo-fullwidth  FAIL      ok
  review-cadence             v   99-System/telemetry/reviews.jsonl::[0]/*|todo-fullwi FAIL      ok
  review-cadence             v   99-System/telemetry/reviews.jsonl::[0].ts|todo-fullw FAIL      ok
  review-cadence             v   99-System/telemetry/reviews.jsonl::*|todo-small-caps FAIL      ok
  review-cadence             v   99-System/telemetry/reviews.jsonl::[0]/*|todo-small- FAIL      ok
  review-cadence             v   99-System/telemetry/reviews.jsonl::[0].ts|todo-small FAIL      ok
  review-cadence             v   99-System/telemetry/reviews.jsonl::*|tbd-small-caps  FAIL      ok
  review-cadence             v   99-System/telemetry/reviews.jsonl::[0]/*|tbd-small-c FAIL      ok
  review-cadence             v   99-System/telemetry/reviews.jsonl::[0].ts|tbd-small- FAIL      ok
  review-cadence             v   99-System/telemetry/reviews.jsonl::*|bracketed-tbd   FAIL      ok
  review-cadence             v   99-System/telemetry/reviews.jsonl::[0]/*|bracketed-t FAIL      ok
  review-cadence             v   99-System/telemetry/reviews.jsonl::[0].ts|bracketed- FAIL      ok
  review-cadence             n   99-System/telemetry/reviews.jsonl::*|hash-comment    FAIL      ok
  review-cadence             n   99-System/telemetry/reviews.jsonl::[0]/*|hash-commen FAIL      ok
  review-cadence             n   99-System/telemetry/reviews.jsonl::[0].ts|hash-comme FAIL      ok
  review-cadence             n   99-System/telemetry/reviews.jsonl::*|block-comment   FAIL      ok
  review-cadence             n   99-System/telemetry/reviews.jsonl::[0]/*|block-comme FAIL      ok
  review-cadence             n   99-System/telemetry/reviews.jsonl::[0].ts|block-comm FAIL      ok
  review-cadence             n   99-System/telemetry/reviews.jsonl::*|punctuation     FAIL      ok
  review-cadence             n   99-System/telemetry/reviews.jsonl::[0]/*|punctuation FAIL      ok
  review-cadence             n   99-System/telemetry/reviews.jsonl::[0].ts|punctuatio FAIL      ok
  review-cadence             m   99-System/telemetry/reviews.jsonl::*|nan             FAIL      ok
  review-cadence             m   99-System/telemetry/reviews.jsonl::[0]/*|nan         FAIL      ok
  review-cadence             m   99-System/telemetry/reviews.jsonl::[0].ts|nan        FAIL      ok
  review-cadence             m   99-System/telemetry/reviews.jsonl::*|infinity        FAIL      ok
  review-cadence             m   99-System/telemetry/reviews.jsonl::[0]/*|infinity    FAIL      ok
  review-cadence             m   99-System/telemetry/reviews.jsonl::[0].ts|infinity   FAIL      ok
  review-cadence             h   99-System/telemetry/reviews.jsonl::<root>=[{}]       FAIL      ok
  review-cadence             j   99-System/telemetry/reviews.jsonl::<root>=[]         NO-DATA   ok
  review-cadence             i   99-System/telemetry/reviews.jsonl::zero-bytes        NO-DATA   ok
  review-cadence             i   declared-reads::zero-bytes                           NO-DATA   ok
  review-cadence             x   access::99-System/telemetry/reviews.jsonl|chmod-000  FAIL      ok
  review-cadence             x   access::99-System/telemetry/reviews.jsonl|broken-sym FAIL      ok
  review-cadence             x   access::99-System/telemetry/reviews.jsonl|symlink-lo FAIL      ok
  review-cadence             x   access::99-System/telemetry/reviews.jsonl|fifo       FAIL      ok
  review-cadence             x   access::loop-beside-evidence                         PASS      ok
  review-cadence             x   access::99-System/telemetry/reviews.jsonl|parent-chm FAIL      ok
  review-cadence             -> invocation accounting n/a: this tool runs every check unconditionally, so there is no fallback to fall into
  silent-failure-lints       a   a-empty-directory                                    NO-DATA   ok
  silent-failure-lints       b   b-declares-nothing                                   NO-DATA   ok
  silent-failure-lints       full full                                                 PASS      ok
  silent-failure-lints       f   src/ok.py::whitespace                                NO-DATA   ok
  silent-failure-lints       v   src/ok.py::vacuous-todo                              NO-DATA   ok
  silent-failure-lints       v   src/ok.py::vacuous-n-a                               NO-DATA   ok
  silent-failure-lints       v   src/ok.py::vacuous-dash                              NO-DATA   ok
  silent-failure-lints       v   src/ok.py::vacuous-copula-remnant                    NO-DATA   ok
  silent-failure-lints       v   src/ok.py::vacuous-todo-zero-width                   NO-DATA   ok
  silent-failure-lints       v   src/ok.py::vacuous-todo-soft-hyphen                  NO-DATA   ok
  silent-failure-lints       v   src/ok.py::vacuous-todo-fullwidth                    NO-DATA   ok
  silent-failure-lints       v   src/ok.py::vacuous-todo-small-caps                   NO-DATA   ok
  silent-failure-lints       v   src/ok.py::vacuous-tbd-small-caps                    NO-DATA   ok
  silent-failure-lints       v   src/ok.py::vacuous-bracketed-tbd                     NO-DATA   ok
  silent-failure-lints       i   src/ok.py::zero-bytes                                NO-DATA   ok
  silent-failure-lints       x   access::src/ok.py|chmod-000                          FAIL      ok
  silent-failure-lints       x   access::src/ok.py|broken-symlink                     FAIL      ok
  silent-failure-lints       x   access::src/ok.py|symlink-loop                       FAIL      ok
  silent-failure-lints       x   access::src/ok.py|fifo                               FAIL      ok
  silent-failure-lints       x   access::loop-beside-evidence                         PASS      ok
  silent-failure-lints       x   access::src/ok.py|parent-chmod-000                   FAIL      ok
  silent-failure-lints       -> invocation accounting n/a: this tool runs every check unconditionally, so there is no fallback to fall into
  citation-inventory         a   a-empty-directory                                    NO-DATA   ok
  citation-inventory         b   b-declares-nothing                                   NO-DATA   ok
  citation-inventory         full full                                                 PASS      ok
  citation-inventory         f   README.md::whitespace                                FAIL      ok
  citation-inventory         v   README.md::vacuous-todo                              FAIL      ok
  citation-inventory         v   README.md::every-section-todo                        FAIL      ok
  citation-inventory         v   README.md::vacuous-n-a                               FAIL      ok
  citation-inventory         v   README.md::every-section-n-a                         FAIL      ok
  citation-inventory         v   README.md::vacuous-dash                              FAIL      ok
  citation-inventory         v   README.md::every-section-dash                        FAIL      ok
  citation-inventory         v   README.md::vacuous-copula-remnant                    FAIL      ok
  citation-inventory         v   README.md::every-section-copula-remnant              FAIL      ok
  citation-inventory         v   README.md::vacuous-todo-zero-width                   FAIL      ok
  citation-inventory         v   README.md::every-section-todo-zero-width             FAIL      ok
  citation-inventory         v   README.md::vacuous-todo-soft-hyphen                  FAIL      ok
  citation-inventory         v   README.md::every-section-todo-soft-hyphen            FAIL      ok
  citation-inventory         v   README.md::vacuous-todo-fullwidth                    FAIL      ok
  citation-inventory         v   README.md::every-section-todo-fullwidth              FAIL      ok
  citation-inventory         v   README.md::vacuous-todo-small-caps                   FAIL      ok
  citation-inventory         v   README.md::every-section-todo-small-caps             FAIL      ok
  citation-inventory         v   README.md::vacuous-tbd-small-caps                    FAIL      ok
  citation-inventory         v   README.md::every-section-tbd-small-caps              FAIL      ok
  citation-inventory         v   README.md::vacuous-bracketed-tbd                     FAIL      ok
  citation-inventory         v   README.md::every-section-bracketed-tbd               FAIL      ok
  citation-inventory         s   README.md##Demo doc                                  FAIL      ok
  citation-inventory         k   README.md::commented-out                             FAIL      ok
  citation-inventory         k   README.md##Demo doc|commented                        FAIL      ok
  citation-inventory         i   README.md::zero-bytes                                FAIL      ok
  citation-inventory         f   docs/CITATIONS.md::whitespace                        FAIL      ok
  citation-inventory         v   docs/CITATIONS.md::vacuous-todo                      FAIL      ok
  citation-inventory         v   docs/CITATIONS.md::every-section-todo                FAIL      ok
  citation-inventory         v   docs/CITATIONS.md::vacuous-n-a                       FAIL      ok
  citation-inventory         v   docs/CITATIONS.md::every-section-n-a                 FAIL      ok
  citation-inventory         v   docs/CITATIONS.md::vacuous-dash                      FAIL      ok
  citation-inventory         v   docs/CITATIONS.md::every-section-dash                FAIL      ok
  citation-inventory         v   docs/CITATIONS.md::vacuous-copula-remnant            FAIL      ok
  citation-inventory         v   docs/CITATIONS.md::every-section-copula-remnant      FAIL      ok
  citation-inventory         v   docs/CITATIONS.md::vacuous-todo-zero-width           FAIL      ok
  citation-inventory         v   docs/CITATIONS.md::every-section-todo-zero-width     FAIL      ok
  citation-inventory         v   docs/CITATIONS.md::vacuous-todo-soft-hyphen          FAIL      ok
  citation-inventory         v   docs/CITATIONS.md::every-section-todo-soft-hyphen    FAIL      ok
  citation-inventory         v   docs/CITATIONS.md::vacuous-todo-fullwidth            FAIL      ok
  citation-inventory         v   docs/CITATIONS.md::every-section-todo-fullwidth      FAIL      ok
  citation-inventory         v   docs/CITATIONS.md::vacuous-todo-small-caps           FAIL      ok
  citation-inventory         v   docs/CITATIONS.md::every-section-todo-small-caps     FAIL      ok
  citation-inventory         v   docs/CITATIONS.md::vacuous-tbd-small-caps            FAIL      ok
  citation-inventory         v   docs/CITATIONS.md::every-section-tbd-small-caps      FAIL      ok
  citation-inventory         v   docs/CITATIONS.md::vacuous-bracketed-tbd             FAIL      ok
  citation-inventory         v   docs/CITATIONS.md::every-section-bracketed-tbd       FAIL      ok
  citation-inventory         s   docs/CITATIONS.md##https://example.com/study         FAIL      ok
  citation-inventory         k   docs/CITATIONS.md::commented-out                     FAIL      ok
  citation-inventory         k   docs/CITATIONS.md##https://example.com/study|comment FAIL      ok
  citation-inventory         i   docs/CITATIONS.md::zero-bytes                        FAIL      ok
  citation-inventory         x   access::README.md|chmod-000                          FAIL      ok
  citation-inventory         x   access::README.md|broken-symlink                     FAIL      ok
  citation-inventory         x   access::README.md|symlink-loop                       FAIL      ok
  citation-inventory         x   access::README.md|fifo                               FAIL      ok
  citation-inventory         x   access::loop-beside-evidence                         PASS      ok
  citation-inventory         x   access::README.md|parent-chmod-000                   FAIL      ok
  citation-inventory         -> invocation accounting n/a: this tool runs every check unconditionally, so there is no fallback to fall into

declared not-applicable (printed, never skipped silently):
  sbe_design.py adr: evidence is text, so the wrong-shape and malformed-JSON cases do not apply
  sbe_design.py datamodel: evidence is text, so the wrong-shape and malformed-JSON cases do not apply
  sbe_design.py diagrams: evidence is text, so the wrong-shape and malformed-JSON cases do not apply
  sbe_design.py placeholder: evidence is text, so the wrong-shape and malformed-JSON cases do not apply
  sbe_gate.py approval: evidence is git, so the wrong-shape and malformed-JSON cases do not apply
  sbe_gate.py approval: its worked example asserts NO-DATA rather than PASS, declared reason: this gate reaches PASS only on a commit whose signature THIS HOST verified, and no fixture can produce one: the honesty test has no private key and importing one would make the test prove something about the test's keyring rather than about the gate. The strongest evidence a fixture can carry is the keyless Reviewed-in trailer, whose honest verdict is NO-DATA, so that is what the worked example asserts
  sbe_score.py fence-hygiene: evidence is tree, so the wrong-shape and malformed-JSON cases do not apply
  sbe_score.py budget-vs-tier: evidence is tree, so the wrong-shape and malformed-JSON cases do not apply
  sbe_score.py prediction-seals: evidence is text, so the wrong-shape and malformed-JSON cases do not apply
  sbe_score.py silent-failure-lints: evidence is tree, so the wrong-shape and malformed-JSON cases do not apply
  sbe_score.py citation-inventory: evidence is tree, so the wrong-shape and malformed-JSON cases do not apply

declared exemptions from the empty-value sweep (each states its reason):
  sbe_design.py diagrams [05-data-model.md##Relationships]: this check traces diagram nodes to the ENTITIES declared in the data model, and says nothing about its relationships. Emptying the relationships section leaves every entity it traced against intact, and the datamodel check's own sweep is what holds that section to its sentence (matched 2 scenario(s), excused 2 PASS(es) this run)

declared exemptions from the verdict-source lint (each names the function it resolved to this run):
  sbe_checks.py:_char_reading (line 881): returns (rendering kind, reading) for one character, not a verdict
  sbe_checks.py:_script_family (line 897): returns the Unicode script family of one character, not a verdict
  sbe_checks.py:answered_as (line 1456): returns a reduced value, never a verdict
  sbe_checks.py:distinct (line 1492): returns (items, duplicate count), not a verdict
  sbe_checks.py:glob_with_denials (line 149): returns (glob hits, directories it could not enter), not a verdict
  sbe_checks.py:hidden (line 305): returns (pruned trees holding wanted files, trees the inspection budget left uninspected), not a verdict
  sbe_checks.py:run_guarded (line 1676): the shared runner; it returns whatever the check it wrapped returned, and every check it can wrap is itself registered
  sbe_decide.py:load_table (line 112): returns (parsed table, load error), not a verdict
  sbe_design.py:_coherence_problem (line 230): returns a problem string, or an (unmeasured, why) pair naming a script limit; never a verdict
  sbe_design.py:_entity_bullets (line 1686): returns (the entity set, whether a heading declared it), not a verdict
  sbe_design.py:_rejected_alternatives (line 1040): returns (collected alternatives, chosen table rows), not a verdict
  sbe_design.py:_table_alternatives (line 1134): returns (table-row alternatives, chosen row count), not a verdict
  sbe_gate.py:_canonical_email (line 520): returns one canonicalized mailbox string, not a verdict
  sbe_gate.py:_identity_parts (line 474): returns (canonical emails, ordered name word-tuples), not a verdict
  sbe_gate.py:_items (line 147): returns (item list, why it is empty), not a verdict
  sbe_gate.py:_parts (line 666): the shared identity parser behind _identity_parts and _rendered_identity_parts; returns parts, not a verdict
  sbe_gate.py:_rendered_identity_parts (line 506): returns (canonical emails, ordered name word-tuples) with unreadable characters kept, not a verdict
  sbe_gate.py:_same (line 1127): gate_approval's local sameness probe; returns (shared emails, shared name), not a verdict
  sbe_gate.py:_wrote (line 1100): gate_approval's local collector; returns (emails, names) for a list of identity strings, not a verdict
  sbe_gate.py:find (line 277): returns (paths found, scope and pruning note), not a verdict
  sbe_gate.py:git_trailers (line 429): returns (commit body, signature state, identities, author/committer/signer meta), not a verdict
  sbe_gate.py:load_receipt (line 114): returns (parsed receipt, parse error), not a verdict
  sbe_intake.py:read_answers (line 59): returns (answers read, answers refused), not a verdict
  sbe_score.py:_rel (line 1161): returns a path
  sbe_telemetry.py:prediction_counts (line 1026): returns a count table
  sbe_telemetry.py:read_jsonl_counted (line 917): returns (parsed rows, unparseable lines), not a verdict
  sbe_telemetry.py:redact (line 460): returns (masked text, how many masks), not a verdict

declared exemptions from the report-print lint (the linted set is every file tool_sources() walks; each entry states its reason and what it excused this run):
  sbe_intake.py: excused 7 print(s); an interactive interview: its prompts, echoes and refusals are dialogue with the operator, and nothing machine-parses them as verdict lines
  sbe_telemetry.py: excused 80 print(s); operator status lines and hook JSON, never parsed as gate verdicts; its ledger writes are data, not report lines

30 checks discovered from 4 registries in 25 module(s), 3737 scenarios run, 2 waived by declared exemption, 0 failure(s).
